-- DRF Database Backup
-- Created: 2025-09-07 13:56:38

SET FOREIGN_KEY_CHECKS = 0;

CREATE TABLE `activity_logs` (
  `id` int(11) NOT NULL AUTO_INCREMENT,
  `user_id` int(11) NOT NULL,
  `username` varchar(100) NOT NULL,
  `action` varchar(255) NOT NULL,
  `module` varchar(100) NOT NULL,
  `entity_type` varchar(100) DEFAULT NULL,
  `entity_id` int(11) DEFAULT NULL,
  `old_values` longtext CHARACTER SET utf8mb4 COLLATE utf8mb4_bin DEFAULT NULL CHECK (json_valid(`old_values`)),
  `new_values` longtext CHARACTER SET utf8mb4 COLLATE utf8mb4_bin DEFAULT NULL CHECK (json_valid(`new_values`)),
  `ip_address` varchar(45) DEFAULT NULL,
  `user_agent` text DEFAULT NULL,
  `session_id` varchar(255) DEFAULT NULL,
  `created_at` timestamp NOT NULL DEFAULT current_timestamp(),
  PRIMARY KEY (`id`),
  KEY `idx_user_id` (`user_id`),
  KEY `idx_module` (`module`),
  KEY `idx_entity` (`entity_type`,`entity_id`),
  KEY `idx_created_at` (`created_at`),
  KEY `idx_action` (`action`),
  KEY `idx_activity_logs_user_id` (`user_id`),
  KEY `idx_activity_logs_action` (`action`),
  KEY `idx_activity_logs_module` (`module`),
  KEY `idx_activity_logs_entity_type` (`entity_type`),
  KEY `idx_activity_logs_entity_id` (`entity_id`),
  KEY `idx_activity_logs_created_at` (`created_at`),
  KEY `idx_activity_logs_ip_address` (`ip_address`)
) ENGINE=InnoDB AUTO_INCREMENT=141 DEFAULT CHARSET=utf8mb4 COLLATE=utf8mb4_general_ci;

INSERT INTO `activity_logs` (`id`, `user_id`, `username`, `action`, `module`, `entity_type`, `entity_id`, `old_values`, `new_values`, `ip_address`, `user_agent`, `session_id`, `created_at`) VALUES
('43', '16', 'oladayo', 'delete_activity_logs', 'activity_log', 'delete', NULL, '\"Deleted 3 activity logs from 2025-09-04 to 2025-09-06\"', NULL, '::1', 'Mozilla/5.0 (Windows NT 10.0; Win64; x64) AppleWebKit/537.36 (KHTML, like Gecko) Chrome/138.0.0.0 Safari/537.36 Edg/138.0.0.0', 'c9724f9robvmtjr185ptg2gr00', '2025-09-05 22:13:50'),
('44', '16', 'oladayo', 'view_activity_logs', 'activity_log', 'read', NULL, '\"Viewed activity logs\"', NULL, '::1', 'Mozilla/5.0 (Windows NT 10.0; Win64; x64) AppleWebKit/537.36 (KHTML, like Gecko) Chrome/138.0.0.0 Safari/537.36 Edg/138.0.0.0', 'c9724f9robvmtjr185ptg2gr00', '2025-09-05 22:13:50'),
('45', '17', 'temmy', 'view_activity_logs', 'activity_log', 'read', NULL, '\"Viewed activity logs\"', NULL, '::1', 'Mozilla/5.0 (Windows NT 10.0; Win64; x64) AppleWebKit/537.36 (KHTML, like Gecko) Chrome/140.0.0.0 Safari/537.36', 'mrkapfncijmi6mqukp49o8oqr1', '2025-09-05 22:18:08'),
('46', '1', 'oladayo', 'login_success', 'authentication', NULL, NULL, NULL, NULL, '127.0.0.1', 'Mozilla/5.0 (Windows NT 10.0; Win64; x64) AppleWebKit/537.36', NULL, '2025-09-05 22:18:12'),
('47', '1', 'oladayo', 'view_dashboard', 'dashboard', NULL, NULL, NULL, NULL, '127.0.0.1', 'Mozilla/5.0 (Windows NT 10.0; Win64; x64) AppleWebKit/537.36', NULL, '2025-09-05 22:18:12'),
('48', '1', 'oladayo', 'create_product', 'products', 'product', '1', NULL, NULL, '127.0.0.1', 'Mozilla/5.0 (Windows NT 10.0; Win64; x64) AppleWebKit/537.36', NULL, '2025-09-05 22:18:12'),
('49', '2', 'temmy', 'login_success', 'authentication', NULL, NULL, NULL, NULL, '192.168.1.100', 'Mozilla/5.0 (Macintosh; Intel Mac OS X 10_15_7) AppleWebKit/537.36', NULL, '2025-09-05 22:18:12'),
('50', '2', 'temmy', 'update_order', 'orders', 'order', '5', NULL, NULL, '192.168.1.100', 'Mozilla/5.0 (Macintosh; Intel Mac OS X 10_15_7) AppleWebKit/537.36', NULL, '2025-09-05 22:18:12'),
('51', '1', 'oladayo', 'delete_product', 'products', 'product', '3', NULL, NULL, '127.0.0.1', 'Mozilla/5.0 (Windows NT 10.0; Win64; x64) AppleWebKit/537.36', NULL, '2025-09-05 22:18:12'),
('52', '1', 'oladayo', 'export_data', 'reports', NULL, NULL, NULL, NULL, '127.0.0.1', 'Mozilla/5.0 (Windows NT 10.0; Win64; x64) AppleWebKit/537.36', NULL, '2025-09-05 22:18:12'),
('53', '2', 'temmy', 'change_password', 'users', 'user', '2', NULL, NULL, '192.168.1.100', 'Mozilla/5.0 (Macintosh; Intel Mac OS X 10_15_7) AppleWebKit/537.36', NULL, '2025-09-05 22:18:12'),
('54', '1', 'oladayo', 'backup_database', 'system', NULL, NULL, NULL, NULL, '127.0.0.1', 'Mozilla/5.0 (Windows NT 10.0; Win64; x64) AppleWebKit/537.36', NULL, '2025-09-05 22:18:12'),
('55', '2', 'temmy', 'view_error_logs', 'system', NULL, NULL, NULL, NULL, '192.168.1.100', 'Mozilla/5.0 (Macintosh; Intel Mac OS X 10_15_7) AppleWebKit/537.36', NULL, '2025-09-05 22:18:12'),
('56', '17', 'temmy', 'view_activity_logs', 'activity_log', 'read', NULL, '\"Viewed activity logs\"', NULL, '::1', 'Mozilla/5.0 (Windows NT 10.0; Win64; x64) AppleWebKit/537.36 (KHTML, like Gecko) Chrome/140.0.0.0 Safari/537.36', 'mrkapfncijmi6mqukp49o8oqr1', '2025-09-05 22:23:09'),
('57', '17', 'temmy', 'view_activity_logs', 'activity_log', 'read', NULL, '\"Viewed activity logs\"', NULL, '::1', 'Mozilla/5.0 (Windows NT 10.0; Win64; x64) AppleWebKit/537.36 (KHTML, like Gecko) Chrome/140.0.0.0 Safari/537.36', 'mrkapfncijmi6mqukp49o8oqr1', '2025-09-05 22:28:10'),
('58', '17', 'temmy', 'view_activity_logs', 'activity_log', 'read', NULL, '\"Viewed activity logs\"', NULL, '::1', 'Mozilla/5.0 (Windows NT 10.0; Win64; x64) AppleWebKit/537.36 (KHTML, like Gecko) Chrome/140.0.0.0 Safari/537.36', 'mrkapfncijmi6mqukp49o8oqr1', '2025-09-05 22:33:11'),
('59', '16', 'oladayo', 'view_database_maintenance', 'system', 'read', NULL, '\"Viewed database maintenance page\"', NULL, '::1', 'Mozilla/5.0 (Windows NT 10.0; Win64; x64) AppleWebKit/537.36 (KHTML, like Gecko) Chrome/138.0.0.0 Safari/537.36 Edg/138.0.0.0', 'c9724f9robvmtjr185ptg2gr00', '2025-09-05 22:36:53'),
('60', '16', 'oladayo', 'view_support_tickets', 'support', 'read', NULL, '\"Viewed support tickets management page\"', NULL, '::1', 'Mozilla/5.0 (Windows NT 10.0; Win64; x64) AppleWebKit/537.36 (KHTML, like Gecko) Chrome/138.0.0.0 Safari/537.36 Edg/138.0.0.0', 'c9724f9robvmtjr185ptg2gr00', '2025-09-05 22:36:57'),
('61', '17', 'temmy', 'view_activity_logs', 'activity_log', 'read', NULL, '\"Viewed activity logs\"', NULL, '::1', 'Mozilla/5.0 (Windows NT 10.0; Win64; x64) AppleWebKit/537.36 (KHTML, like Gecko) Chrome/140.0.0.0 Safari/537.36', 'mrkapfncijmi6mqukp49o8oqr1', '2025-09-05 22:38:12'),
('62', '1', 'oladayo', 'login_success', 'authentication', NULL, NULL, NULL, NULL, '127.0.0.1', 'Mozilla/5.0 (Windows NT 10.0; Win64; x64) AppleWebKit/537.36', NULL, '2025-09-05 22:38:44'),
('63', '1', 'oladayo', 'view_dashboard', 'dashboard', NULL, NULL, NULL, NULL, '127.0.0.1', 'Mozilla/5.0 (Windows NT 10.0; Win64; x64) AppleWebKit/537.36', NULL, '2025-09-05 22:38:44'),
('64', '1', 'oladayo', 'create_product', 'products', 'product', '1', NULL, NULL, '127.0.0.1', 'Mozilla/5.0 (Windows NT 10.0; Win64; x64) AppleWebKit/537.36', NULL, '2025-09-05 22:38:44'),
('65', '2', 'temmy', 'login_success', 'authentication', NULL, NULL, NULL, NULL, '192.168.1.100', 'Mozilla/5.0 (Macintosh; Intel Mac OS X 10_15_7) AppleWebKit/537.36', NULL, '2025-09-05 22:38:44'),
('66', '2', 'temmy', 'update_order', 'orders', 'order', '5', NULL, NULL, '192.168.1.100', 'Mozilla/5.0 (Macintosh; Intel Mac OS X 10_15_7) AppleWebKit/537.36', NULL, '2025-09-05 22:38:44'),
('67', '1', 'oladayo', 'delete_product', 'products', 'product', '3', NULL, NULL, '127.0.0.1', 'Mozilla/5.0 (Windows NT 10.0; Win64; x64) AppleWebKit/537.36', NULL, '2025-09-05 22:38:44'),
('68', '1', 'oladayo', 'export_data', 'reports', NULL, NULL, NULL, NULL, '127.0.0.1', 'Mozilla/5.0 (Windows NT 10.0; Win64; x64) AppleWebKit/537.36', NULL, '2025-09-05 22:38:44'),
('69', '2', 'temmy', 'change_password', 'users', 'user', '2', NULL, NULL, '192.168.1.100', 'Mozilla/5.0 (Macintosh; Intel Mac OS X 10_15_7) AppleWebKit/537.36', NULL, '2025-09-05 22:38:44'),
('70', '1', 'oladayo', 'backup_database', 'system', NULL, NULL, NULL, NULL, '127.0.0.1', 'Mozilla/5.0 (Windows NT 10.0; Win64; x64) AppleWebKit/537.36', NULL, '2025-09-05 22:38:44'),
('71', '2', 'temmy', 'view_error_logs', 'system', NULL, NULL, NULL, NULL, '192.168.1.100', 'Mozilla/5.0 (Macintosh; Intel Mac OS X 10_15_7) AppleWebKit/537.36', NULL, '2025-09-05 22:38:44'),
('72', '17', 'temmy', 'view_activity_logs', 'activity_log', 'read', NULL, '\"Viewed activity logs\"', NULL, '::1', 'Mozilla/5.0 (Windows NT 10.0; Win64; x64) AppleWebKit/537.36 (KHTML, like Gecko) Chrome/140.0.0.0 Safari/537.36', 'mrkapfncijmi6mqukp49o8oqr1', '2025-09-05 22:43:13'),
('73', '17', 'temmy', 'view_activity_logs', 'activity_log', 'read', NULL, '\"Viewed activity logs\"', NULL, '::1', 'Mozilla/5.0 (Windows NT 10.0; Win64; x64) AppleWebKit/537.36 (KHTML, like Gecko) Chrome/140.0.0.0 Safari/537.36', 'mrkapfncijmi6mqukp49o8oqr1', '2025-09-05 22:48:14'),
('74', '17', 'temmy', 'view_activity_logs', 'activity_log', 'read', NULL, '\"Viewed activity logs\"', NULL, '::1', 'Mozilla/5.0 (Windows NT 10.0; Win64; x64) AppleWebKit/537.36 (KHTML, like Gecko) Chrome/140.0.0.0 Safari/537.36', 'mrkapfncijmi6mqukp49o8oqr1', '2025-09-05 22:53:15'),
('75', '17', 'temmy', 'view_activity_logs', 'activity_log', 'read', NULL, '\"Viewed activity logs\"', NULL, '::1', 'Mozilla/5.0 (Windows NT 10.0; Win64; x64) AppleWebKit/537.36 (KHTML, like Gecko) Chrome/140.0.0.0 Safari/537.36', 'mrkapfncijmi6mqukp49o8oqr1', '2025-09-05 22:58:16'),
('76', '17', 'temmy', 'view_activity_logs', 'activity_log', 'read', NULL, '\"Viewed activity logs\"', NULL, '::1', 'Mozilla/5.0 (Windows NT 10.0; Win64; x64) AppleWebKit/537.36 (KHTML, like Gecko) Chrome/140.0.0.0 Safari/537.36', 'mrkapfncijmi6mqukp49o8oqr1', '2025-09-05 23:03:17'),
('77', '17', 'temmy', 'view_activity_logs', 'activity_log', 'read', NULL, '\"Viewed activity logs\"', NULL, '::1', 'Mozilla/5.0 (Windows NT 10.0; Win64; x64) AppleWebKit/537.36 (KHTML, like Gecko) Chrome/140.0.0.0 Safari/537.36', 'mrkapfncijmi6mqukp49o8oqr1', '2025-09-05 23:08:18'),
('78', '17', 'temmy', 'view_activity_logs', 'activity_log', 'read', NULL, '\"Viewed activity logs\"', NULL, '::1', 'Mozilla/5.0 (Windows NT 10.0; Win64; x64) AppleWebKit/537.36 (KHTML, like Gecko) Chrome/140.0.0.0 Safari/537.36', 'mrkapfncijmi6mqukp49o8oqr1', '2025-09-05 23:13:19'),
('79', '17', 'temmy', 'view_activity_logs', 'activity_log', 'read', NULL, '\"Viewed activity logs\"', NULL, '::1', 'Mozilla/5.0 (Windows NT 10.0; Win64; x64) AppleWebKit/537.36 (KHTML, like Gecko) Chrome/140.0.0.0 Safari/537.36', 'mrkapfncijmi6mqukp49o8oqr1', '2025-09-05 23:18:20'),
('80', '16', 'oladayo', 'view_database_maintenance', 'system', 'read', NULL, '\"Viewed database maintenance page\"', NULL, '::1', 'Mozilla/5.0 (Windows NT 10.0; Win64; x64) AppleWebKit/537.36 (KHTML, like Gecko) Chrome/138.0.0.0 Safari/537.36 Edg/138.0.0.0', 'c9724f9robvmtjr185ptg2gr00', '2025-09-05 23:19:51'),
('81', '16', 'oladayo', 'view_support_tickets', 'support', 'read', NULL, '\"Viewed support tickets management page\"', NULL, '::1', 'Mozilla/5.0 (Windows NT 10.0; Win64; x64) AppleWebKit/537.36 (KHTML, like Gecko) Chrome/138.0.0.0 Safari/537.36 Edg/138.0.0.0', 'c9724f9robvmtjr185ptg2gr00', '2025-09-05 23:19:54'),
('82', '16', 'oladayo', 'view_database_maintenance', 'system', 'read', NULL, '\"Viewed database maintenance page\"', NULL, '::1', 'Mozilla/5.0 (Windows NT 10.0; Win64; x64) AppleWebKit/537.36 (KHTML, like Gecko) Chrome/138.0.0.0 Safari/537.36 Edg/138.0.0.0', 'c9724f9robvmtjr185ptg2gr00', '2025-09-05 23:20:31'),
('83', '16', 'oladayo', 'view_support_tickets', 'support', 'read', NULL, '\"Viewed support tickets management page\"', NULL, '::1', 'Mozilla/5.0 (Windows NT 10.0; Win64; x64) AppleWebKit/537.36 (KHTML, like Gecko) Chrome/138.0.0.0 Safari/537.36 Edg/138.0.0.0', 'c9724f9robvmtjr185ptg2gr00', '2025-09-05 23:20:35'),
('84', '16', 'oladayo', 'view_support_tickets', 'support', 'read', NULL, '\"Viewed support tickets management page\"', NULL, '::1', 'Mozilla/5.0 (Windows NT 10.0; Win64; x64) AppleWebKit/537.36 (KHTML, like Gecko) Chrome/138.0.0.0 Safari/537.36 Edg/138.0.0.0', 'c9724f9robvmtjr185ptg2gr00', '2025-09-05 23:20:43'),
('85', '16', 'oladayo', 'view_database_maintenance', 'system', 'read', NULL, '\"Viewed database maintenance page\"', NULL, '::1', 'Mozilla/5.0 (Windows NT 10.0; Win64; x64) AppleWebKit/537.36 (KHTML, like Gecko) Chrome/138.0.0.0 Safari/537.36 Edg/138.0.0.0', 'c9724f9robvmtjr185ptg2gr00', '2025-09-05 23:22:13'),
('86', '16', 'oladayo', 'view_analytics_dashboard', 'analytics', 'read', NULL, '\"Viewed analytics dashboard for period:  to \"', NULL, '::1', 'Mozilla/5.0 (Windows NT 10.0; Win64; x64) AppleWebKit/537.36 (KHTML, like Gecko) Chrome/138.0.0.0 Safari/537.36 Edg/138.0.0.0', 'c9724f9robvmtjr185ptg2gr00', '2025-09-05 23:22:17'),
('87', '16', 'oladayo', 'view_reports', 'report', 'read', NULL, '\"Viewed business reports for period: 2025-09-01 to 2025-09-06\"', NULL, '::1', 'Mozilla/5.0 (Windows NT 10.0; Win64; x64) AppleWebKit/537.36 (KHTML, like Gecko) Chrome/138.0.0.0 Safari/537.36 Edg/138.0.0.0', 'c9724f9robvmtjr185ptg2gr00', '2025-09-05 23:22:31'),
('88', '16', 'oladayo', 'view_database_maintenance', 'system', 'read', NULL, '\"Viewed database maintenance page\"', NULL, '::1', 'Mozilla/5.0 (Windows NT 10.0; Win64; x64) AppleWebKit/537.36 (KHTML, like Gecko) Chrome/138.0.0.0 Safari/537.36 Edg/138.0.0.0', 'c9724f9robvmtjr185ptg2gr00', '2025-09-05 23:22:46'),
('89', '16', 'oladayo', 'delete_backup', 'system', 'backup', NULL, NULL, '{\"filename\":\"backup_20250905_060347.sql\"}', '::1', 'Mozilla/5.0 (Windows NT 10.0; Win64; x64) AppleWebKit/537.36 (KHTML, like Gecko) Chrome/138.0.0.0 Safari/537.36 Edg/138.0.0.0', 'c9724f9robvmtjr185ptg2gr00', '2025-09-05 23:23:18'),
('90', '17', 'temmy', 'view_activity_logs', 'activity_log', 'read', NULL, '\"Viewed activity logs\"', NULL, '::1', 'Mozilla/5.0 (Windows NT 10.0; Win64; x64) AppleWebKit/537.36 (KHTML, like Gecko) Chrome/140.0.0.0 Safari/537.36', 'mrkapfncijmi6mqukp49o8oqr1', '2025-09-05 23:23:22'),
('91', '17', 'temmy', 'view_products', 'product', 'read', NULL, '\"Viewed products list\"', NULL, '::1', 'Mozilla/5.0 (Windows NT 10.0; Win64; x64) AppleWebKit/537.36 (KHTML, like Gecko) Chrome/140.0.0.0 Safari/537.36', 'mrkapfncijmi6mqukp49o8oqr1', '2025-09-05 23:28:16'),
('92', '17', 'temmy', 'view_activity_logs', 'activity_log', 'read', NULL, '\"Viewed activity logs\"', NULL, '::1', 'Mozilla/5.0 (Windows NT 10.0; Win64; x64) AppleWebKit/537.36 (KHTML, like Gecko) Chrome/140.0.0.0 Safari/537.36', 'mrkapfncijmi6mqukp49o8oqr1', '2025-09-05 23:28:23'),
('93', '16', 'oladayo', 'view_database_maintenance', 'system', 'read', NULL, '\"Viewed database maintenance page\"', NULL, '::1', 'Mozilla/5.0 (Windows NT 10.0; Win64; x64) AppleWebKit/537.36 (KHTML, like Gecko) Chrome/138.0.0.0 Safari/537.36 Edg/138.0.0.0', 'c9724f9robvmtjr185ptg2gr00', '2025-09-05 23:29:01'),
('94', '17', 'temmy', 'view_activity_logs', 'activity_log', 'read', NULL, '\"Viewed activity logs\"', NULL, '::1', 'Mozilla/5.0 (Windows NT 10.0; Win64; x64) AppleWebKit/537.36 (KHTML, like Gecko) Chrome/140.0.0.0 Safari/537.36', 'mrkapfncijmi6mqukp49o8oqr1', '2025-09-05 23:33:24'),
('95', '17', 'temmy', 'view_activity_logs', 'activity_log', 'read', NULL, '\"Viewed activity logs\"', NULL, '::1', 'Mozilla/5.0 (Windows NT 10.0; Win64; x64) AppleWebKit/537.36 (KHTML, like Gecko) Chrome/140.0.0.0 Safari/537.36', 'mrkapfncijmi6mqukp49o8oqr1', '2025-09-05 23:38:25'),
('96', '17', 'temmy', 'view_activity_logs', 'activity_log', 'read', NULL, '\"Viewed activity logs\"', NULL, '::1', 'Mozilla/5.0 (Windows NT 10.0; Win64; x64) AppleWebKit/537.36 (KHTML, like Gecko) Chrome/140.0.0.0 Safari/537.36', 'mrkapfncijmi6mqukp49o8oqr1', '2025-09-05 23:43:26'),
('97', '17', 'temmy', 'view_activity_logs', 'activity_log', 'read', NULL, '\"Viewed activity logs\"', NULL, '::1', 'Mozilla/5.0 (Windows NT 10.0; Win64; x64) AppleWebKit/537.36 (KHTML, like Gecko) Chrome/140.0.0.0 Safari/537.36', 'mrkapfncijmi6mqukp49o8oqr1', '2025-09-05 23:48:32'),
('98', '17', 'temmy', 'view_activity_logs', 'activity_log', 'read', NULL, '\"Viewed activity logs\"', NULL, '::1', 'Mozilla/5.0 (Windows NT 10.0; Win64; x64) AppleWebKit/537.36 (KHTML, like Gecko) Chrome/140.0.0.0 Safari/537.36', 'mrkapfncijmi6mqukp49o8oqr1', '2025-09-05 23:53:37'),
('99', '17', 'temmy', 'view_activity_logs', 'activity_log', 'read', NULL, '\"Viewed activity logs\"', NULL, '::1', 'Mozilla/5.0 (Windows NT 10.0; Win64; x64) AppleWebKit/537.36 (KHTML, like Gecko) Chrome/140.0.0.0 Safari/537.36', 'mrkapfncijmi6mqukp49o8oqr1', '2025-09-05 23:58:39'),
('100', '17', 'temmy', 'view_activity_logs', 'activity_log', 'read', NULL, '\"Viewed activity logs\"', NULL, '::1', 'Mozilla/5.0 (Windows NT 10.0; Win64; x64) AppleWebKit/537.36 (KHTML, like Gecko) Chrome/140.0.0.0 Safari/537.36', 'mrkapfncijmi6mqukp49o8oqr1', '2025-09-06 00:03:40'),
('101', '17', 'temmy', 'view_activity_logs', 'activity_log', 'read', NULL, '\"Viewed activity logs\"', NULL, '::1', 'Mozilla/5.0 (Windows NT 10.0; Win64; x64) AppleWebKit/537.36 (KHTML, like Gecko) Chrome/140.0.0.0 Safari/537.36', 'mrkapfncijmi6mqukp49o8oqr1', '2025-09-06 00:08:41'),
('102', '16', 'oladayo', 'view_database_maintenance', 'system', 'read', NULL, '\"Viewed database maintenance page\"', NULL, '::1', 'Mozilla/5.0 (Windows NT 10.0; Win64; x64) AppleWebKit/537.36 (KHTML, like Gecko) Chrome/138.0.0.0 Safari/537.36 Edg/138.0.0.0', 'c9724f9robvmtjr185ptg2gr00', '2025-09-06 00:13:29'),
('103', '17', 'temmy', 'view_activity_logs', 'activity_log', 'read', NULL, '\"Viewed activity logs\"', NULL, '::1', 'Mozilla/5.0 (Windows NT 10.0; Win64; x64) AppleWebKit/537.36 (KHTML, like Gecko) Chrome/140.0.0.0 Safari/537.36', 'mrkapfncijmi6mqukp49o8oqr1', '2025-09-06 00:13:42'),
('104', '16', 'oladayo', 'view_database_maintenance', 'system', 'read', NULL, '\"Viewed database maintenance page\"', NULL, '::1', 'Mozilla/5.0 (Windows NT 10.0; Win64; x64) AppleWebKit/537.36 (KHTML, like Gecko) Chrome/138.0.0.0 Safari/537.36 Edg/138.0.0.0', 'c9724f9robvmtjr185ptg2gr00', '2025-09-06 00:14:00'),
('105', '16', 'oladayo', 'view_database_maintenance', 'system', 'read', NULL, '\"Viewed database maintenance page\"', NULL, '::1', 'Mozilla/5.0 (Windows NT 10.0; Win64; x64) AppleWebKit/537.36 (KHTML, like Gecko) Chrome/138.0.0.0 Safari/537.36 Edg/138.0.0.0', 'c9724f9robvmtjr185ptg2gr00', '2025-09-06 00:14:07'),
('106', '16', 'oladayo', 'view_database_maintenance', 'system', 'read', NULL, '\"Viewed database maintenance page\"', NULL, '::1', 'Mozilla/5.0 (Windows NT 10.0; Win64; x64) AppleWebKit/537.36 (KHTML, like Gecko) Chrome/138.0.0.0 Safari/537.36 Edg/138.0.0.0', 'c9724f9robvmtjr185ptg2gr00', '2025-09-06 00:14:10'),
('107', '16', 'oladayo', 'view_support_tickets', 'support', 'read', NULL, '\"Viewed support tickets management page\"', NULL, '::1', 'Mozilla/5.0 (Windows NT 10.0; Win64; x64) AppleWebKit/537.36 (KHTML, like Gecko) Chrome/138.0.0.0 Safari/537.36 Edg/138.0.0.0', 'c9724f9robvmtjr185ptg2gr00', '2025-09-06 00:14:15'),
('108', '17', 'temmy', 'view_activity_logs', 'activity_log', 'read', NULL, '\"Viewed activity logs\"', NULL, '::1', 'Mozilla/5.0 (Windows NT 10.0; Win64; x64) AppleWebKit/537.36 (KHTML, like Gecko) Chrome/140.0.0.0 Safari/537.36', 'mrkapfncijmi6mqukp49o8oqr1', '2025-09-06 00:18:43'),
('109', '17', 'temmy', 'view_activity_logs', 'activity_log', 'read', NULL, '\"Viewed activity logs\"', NULL, '::1', 'Mozilla/5.0 (Windows NT 10.0; Win64; x64) AppleWebKit/537.36 (KHTML, like Gecko) Chrome/140.0.0.0 Safari/537.36', 'mrkapfncijmi6mqukp49o8oqr1', '2025-09-06 00:23:44'),
('110', '17', 'temmy', 'view_activity_logs', 'activity_log', 'read', NULL, '\"Viewed activity logs\"', NULL, '::1', 'Mozilla/5.0 (Windows NT 10.0; Win64; x64) AppleWebKit/537.36 (KHTML, like Gecko) Chrome/140.0.0.0 Safari/537.36', 'mrkapfncijmi6mqukp49o8oqr1', '2025-09-06 00:28:45'),
('111', '17', 'temmy', 'view_activity_logs', 'activity_log', 'read', NULL, '\"Viewed activity logs\"', NULL, '::1', 'Mozilla/5.0 (Windows NT 10.0; Win64; x64) AppleWebKit/537.36 (KHTML, like Gecko) Chrome/140.0.0.0 Safari/537.36', 'mrkapfncijmi6mqukp49o8oqr1', '2025-09-06 00:33:46'),
('112', '16', 'oladayo', 'view_support_tickets', 'support', 'read', NULL, '\"Viewed support tickets management page\"', NULL, '::1', 'Mozilla/5.0 (Windows NT 10.0; Win64; x64) AppleWebKit/537.36 (KHTML, like Gecko) Chrome/138.0.0.0 Safari/537.36 Edg/138.0.0.0', 'c9724f9robvmtjr185ptg2gr00', '2025-09-06 00:35:17'),
('113', '17', 'temmy', 'view_activity_logs', 'activity_log', 'read', NULL, '\"Viewed activity logs\"', NULL, '::1', 'Mozilla/5.0 (Windows NT 10.0; Win64; x64) AppleWebKit/537.36 (KHTML, like Gecko) Chrome/140.0.0.0 Safari/537.36', 'mrkapfncijmi6mqukp49o8oqr1', '2025-09-06 00:38:47'),
('114', '16', 'oladayo', 'view_support_tickets', 'support', 'read', NULL, '\"Viewed support tickets management page\"', NULL, '::1', 'Mozilla/5.0 (Windows NT 10.0; Win64; x64) AppleWebKit/537.36 (KHTML, like Gecko) Chrome/138.0.0.0 Safari/537.36 Edg/138.0.0.0', 'c9724f9robvmtjr185ptg2gr00', '2025-09-06 00:39:25'),
('115', '16', 'oladayo', 'view_activity_logs', 'activity_log', 'read', NULL, '\"Viewed activity logs\"', NULL, '::1', 'Mozilla/5.0 (Windows NT 10.0; Win64; x64) AppleWebKit/537.36 (KHTML, like Gecko) Chrome/138.0.0.0 Safari/537.36 Edg/138.0.0.0', 'c9724f9robvmtjr185ptg2gr00', '2025-09-06 00:39:28'),
('116', '16', 'oladayo', 'view_support_tickets', 'support', 'read', NULL, '\"Viewed support tickets management page\"', NULL, '::1', 'Mozilla/5.0 (Windows NT 10.0; Win64; x64) AppleWebKit/537.36 (KHTML, like Gecko) Chrome/138.0.0.0 Safari/537.36 Edg/138.0.0.0', 'c9724f9robvmtjr185ptg2gr00', '2025-09-06 00:39:40'),
('117', '16', 'oladayo', 'view_support_tickets', 'support', 'read', NULL, '\"Viewed support tickets management page\"', NULL, '::1', 'Mozilla/5.0 (Windows NT 10.0; Win64; x64) AppleWebKit/537.36 (KHTML, like Gecko) Chrome/138.0.0.0 Safari/537.36 Edg/138.0.0.0', 'c9724f9robvmtjr185ptg2gr00', '2025-09-06 00:40:44'),
('118', '16', 'oladayo', 'create_ticket', 'support_ticket', 'create', '1', '\"Created support ticket TICK-2025-53110\"', NULL, '::1', 'Mozilla/5.0 (Windows NT 10.0; Win64; x64) AppleWebKit/537.36 (KHTML, like Gecko) Chrome/138.0.0.0 Safari/537.36 Edg/138.0.0.0', 'c9724f9robvmtjr185ptg2gr00', '2025-09-06 00:40:45'),
('119', '16', 'oladayo', 'view_activity_logs', 'activity_log', 'read', NULL, '\"Viewed activity logs\"', NULL, '::1', 'Mozilla/5.0 (Windows NT 10.0; Win64; x64) AppleWebKit/537.36 (KHTML, like Gecko) Chrome/138.0.0.0 Safari/537.36 Edg/138.0.0.0', 'c9724f9robvmtjr185ptg2gr00', '2025-09-06 00:41:07'),
('120', '17', 'temmy', 'view_products', 'product', 'read', NULL, '\"Viewed products list\"', NULL, '::1', 'Mozilla/5.0 (Windows NT 10.0; Win64; x64) AppleWebKit/537.36 (KHTML, like Gecko) Chrome/140.0.0.0 Safari/537.36', 'mrkapfncijmi6mqukp49o8oqr1', '2025-09-06 00:41:30'),
('121', '17', 'temmy', 'view_support_tickets', 'support', 'read', NULL, '\"Viewed support tickets management page\"', NULL, '::1', 'Mozilla/5.0 (Windows NT 10.0; Win64; x64) AppleWebKit/537.36 (KHTML, like Gecko) Chrome/140.0.0.0 Safari/537.36', 'mrkapfncijmi6mqukp49o8oqr1', '2025-09-06 00:41:35'),
('122', '16', 'oladayo', 'view_activity_logs', 'activity_log', 'read', NULL, '\"Viewed activity logs\"', NULL, '::1', 'Mozilla/5.0 (Windows NT 10.0; Win64; x64) AppleWebKit/537.36 (KHTML, like Gecko) Chrome/138.0.0.0 Safari/537.36 Edg/138.0.0.0', 'c9724f9robvmtjr185ptg2gr00', '2025-09-06 00:42:00'),
('123', '16', 'oladayo', 'view_support_tickets', 'support', 'read', NULL, '\"Viewed support tickets management page\"', NULL, '::1', 'Mozilla/5.0 (Windows NT 10.0; Win64; x64) AppleWebKit/537.36 (KHTML, like Gecko) Chrome/138.0.0.0 Safari/537.36 Edg/138.0.0.0', 'c9724f9robvmtjr185ptg2gr00', '2025-09-06 00:42:06'),
('124', '17', 'temmy', 'view_activity_logs', 'activity_log', 'read', NULL, '\"Viewed activity logs\"', NULL, '::1', 'Mozilla/5.0 (Windows NT 10.0; Win64; x64) AppleWebKit/537.36 (KHTML, like Gecko) Chrome/140.0.0.0 Safari/537.36', 'mrkapfncijmi6mqukp49o8oqr1', '2025-09-06 00:43:48'),
('125', '17', 'temmy', 'view_support_tickets', 'support', 'read', NULL, '\"Viewed support tickets management page\"', NULL, '::1', 'Mozilla/5.0 (Windows NT 10.0; Win64; x64) AppleWebKit/537.36 (KHTML, like Gecko) Chrome/140.0.0.0 Safari/537.36', 'mrkapfncijmi6mqukp49o8oqr1', '2025-09-06 00:46:36'),
('126', '16', 'oladayo', 'view_support_tickets', 'support', 'read', NULL, '\"Viewed support tickets management page\"', NULL, '::1', 'Mozilla/5.0 (Windows NT 10.0; Win64; x64) AppleWebKit/537.36 (KHTML, like Gecko) Chrome/138.0.0.0 Safari/537.36 Edg/138.0.0.0', 'c9724f9robvmtjr185ptg2gr00', '2025-09-06 00:47:07'),
('127', '17', 'temmy', 'view_support_tickets', 'support', 'read', NULL, '\"Viewed support tickets management page\"', NULL, '::1', 'Mozilla/5.0 (Windows NT 10.0; Win64; x64) AppleWebKit/537.36 (KHTML, like Gecko) Chrome/140.0.0.0 Safari/537.36', 'mrkapfncijmi6mqukp49o8oqr1', '2025-09-06 00:51:37'),
('128', '16', 'oladayo', 'view_support_tickets', 'support', 'read', NULL, '\"Viewed support tickets management page\"', NULL, '::1', 'Mozilla/5.0 (Windows NT 10.0; Win64; x64) AppleWebKit/537.36 (KHTML, like Gecko) Chrome/138.0.0.0 Safari/537.36 Edg/138.0.0.0', 'c9724f9robvmtjr185ptg2gr00', '2025-09-06 00:52:07'),
('129', '17', 'temmy', 'view_support_tickets', 'support', 'read', NULL, '\"Viewed support tickets management page\"', NULL, '::1', 'Mozilla/5.0 (Windows NT 10.0; Win64; x64) AppleWebKit/537.36 (KHTML, like Gecko) Chrome/140.0.0.0 Safari/537.36', 'mrkapfncijmi6mqukp49o8oqr1', '2025-09-07 12:48:18'),
('130', '17', 'temmy', 'view_activity_logs', 'activity_log', 'read', NULL, '\"Viewed activity logs\"', NULL, '::1', 'Mozilla/5.0 (Windows NT 10.0; Win64; x64) AppleWebKit/537.36 (KHTML, like Gecko) Chrome/140.0.0.0 Safari/537.36', 'mrkapfncijmi6mqukp49o8oqr1', '2025-09-07 12:48:23'),
('131', '17', 'temmy', 'view_support_tickets', 'support', 'read', NULL, '\"Viewed support tickets management page\"', NULL, '::1', 'Mozilla/5.0 (Windows NT 10.0; Win64; x64) AppleWebKit/537.36 (KHTML, like Gecko) Chrome/140.0.0.0 Safari/537.36', 'mrkapfncijmi6mqukp49o8oqr1', '2025-09-07 12:51:12'),
('132', '17', 'temmy', 'view_activity_logs', 'activity_log', 'read', NULL, '\"Viewed activity logs\"', NULL, '::1', 'Mozilla/5.0 (Windows NT 10.0; Win64; x64) AppleWebKit/537.36 (KHTML, like Gecko) Chrome/140.0.0.0 Safari/537.36', 'mrkapfncijmi6mqukp49o8oqr1', '2025-09-07 12:51:21'),
('133', '17', 'temmy', 'view_support_tickets', 'support', 'read', NULL, '\"Viewed support tickets management page\"', NULL, '::1', 'Mozilla/5.0 (Windows NT 10.0; Win64; x64) AppleWebKit/537.36 (KHTML, like Gecko) Chrome/140.0.0.0 Safari/537.36', 'mrkapfncijmi6mqukp49o8oqr1', '2025-09-07 12:51:36'),
('134', '16', 'oladayo', 'view_support_tickets', 'support', 'read', NULL, '\"Viewed support tickets management page\"', NULL, '::1', 'Mozilla/5.0 (Windows NT 10.0; Win64; x64) AppleWebKit/537.36 (KHTML, like Gecko) Chrome/138.0.0.0 Safari/537.36 Edg/138.0.0.0', 'c9724f9robvmtjr185ptg2gr00', '2025-09-07 12:51:38'),
('135', '16', 'oladayo', 'view_system_health', 'system', 'read', NULL, '\"Viewed system health monitoring page\"', NULL, '::1', 'Mozilla/5.0 (Windows NT 10.0; Win64; x64) AppleWebKit/537.36 (KHTML, like Gecko) Chrome/138.0.0.0 Safari/537.36 Edg/138.0.0.0', 'c9724f9robvmtjr185ptg2gr00', '2025-09-07 12:53:42'),
('136', '16', 'oladayo', 'view_performance_monitoring', 'system', 'read', NULL, '\"Viewed performance monitoring page\"', NULL, '::1', 'Mozilla/5.0 (Windows NT 10.0; Win64; x64) AppleWebKit/537.36 (KHTML, like Gecko) Chrome/138.0.0.0 Safari/537.36 Edg/138.0.0.0', 'c9724f9robvmtjr185ptg2gr00', '2025-09-07 12:53:55'),
('137', '16', 'oladayo', 'view_support_tickets', 'support', 'read', NULL, '\"Viewed support tickets management page\"', NULL, '::1', 'Mozilla/5.0 (Windows NT 10.0; Win64; x64) AppleWebKit/537.36 (KHTML, like Gecko) Chrome/138.0.0.0 Safari/537.36 Edg/138.0.0.0', 'c9724f9robvmtjr185ptg2gr00', '2025-09-07 12:53:58'),
('138', '17', 'temmy', 'view_support_tickets', 'support', 'read', NULL, '\"Viewed support tickets management page\"', NULL, '::1', 'Mozilla/5.0 (Windows NT 10.0; Win64; x64) AppleWebKit/537.36 (KHTML, like Gecko) Chrome/140.0.0.0 Safari/537.36', 'mrkapfncijmi6mqukp49o8oqr1', '2025-09-07 12:56:14'),
('139', '16', 'oladayo', 'view_database_maintenance', 'system', 'read', NULL, '\"Viewed database maintenance page\"', NULL, '::1', 'Mozilla/5.0 (Windows NT 10.0; Win64; x64) AppleWebKit/537.36 (KHTML, like Gecko) Chrome/138.0.0.0 Safari/537.36 Edg/138.0.0.0', 'c9724f9robvmtjr185ptg2gr00', '2025-09-07 12:56:16'),
('140', '17', 'temmy', 'view_support_tickets', 'support', 'read', NULL, '\"Viewed support tickets management page\"', NULL, '::1', 'Mozilla/5.0 (Windows NT 10.0; Win64; x64) AppleWebKit/537.36 (KHTML, like Gecko) Chrome/140.0.0.0 Safari/537.36', 'mrkapfncijmi6mqukp49o8oqr1', '2025-09-07 12:56:37');

CREATE TABLE `admin_users` (
  `id` int(11) NOT NULL AUTO_INCREMENT,
  `username` varchar(50) NOT NULL,
  `email` varchar(100) NOT NULL,
  `password` varchar(255) NOT NULL,
  `first_name` varchar(50) DEFAULT NULL,
  `last_name` varchar(50) DEFAULT NULL,
  `role_id` int(11) NOT NULL,
  `is_active` tinyint(1) DEFAULT 1,
  `last_login` timestamp NULL DEFAULT NULL,
  `created_at` timestamp NOT NULL DEFAULT current_timestamp(),
  `updated_at` timestamp NOT NULL DEFAULT current_timestamp() ON UPDATE current_timestamp(),
  PRIMARY KEY (`id`),
  UNIQUE KEY `username` (`username`),
  UNIQUE KEY `email` (`email`),
  KEY `idx_admin_users_username` (`username`),
  KEY `idx_admin_users_email` (`email`),
  KEY `idx_admin_users_role_id` (`role_id`),
  KEY `idx_admin_users_is_active` (`is_active`),
  KEY `idx_admin_users_created_at` (`created_at`),
  CONSTRAINT `admin_users_ibfk_1` FOREIGN KEY (`role_id`) REFERENCES `roles` (`id`) ON DELETE CASCADE
) ENGINE=InnoDB AUTO_INCREMENT=18 DEFAULT CHARSET=utf8mb4 COLLATE=utf8mb4_general_ci;

INSERT INTO `admin_users` (`id`, `username`, `email`, `password`, `first_name`, `last_name`, `role_id`, `is_active`, `last_login`, `created_at`, `updated_at`) VALUES
('16', 'oladayo', 'oladayo@drf.com', '$2y$10$FNoLHQjQHBQLNsAzZ6wxT.U/2TQUjNNeOeR9dud9gtYhY7pKOhQki', 'Oladayo', 'Admin', '1', '1', '2025-09-05 21:50:09', '2025-09-05 05:27:05', '2025-09-05 20:50:09'),
('17', 'temmy', 'temmy@drf.com', '$2y$10$WaWOczdvJFxmmgrh6H6qj.2sl2WVcf8m0yOsZaqAaLGU55fj6lH6m', 'Temmy', 'Admin', '2', '1', '2025-09-05 07:05:40', '2025-09-05 05:27:05', '2025-09-05 06:05:40');

CREATE TABLE `cart_items` (
  `cart_item_id` int(11) NOT NULL AUTO_INCREMENT,
  `user_id` int(11) NOT NULL,
  `product_id` varchar(255) NOT NULL,
  `product_name` varchar(255) NOT NULL,
  `price` decimal(10,2) NOT NULL,
  `image` varchar(500) DEFAULT NULL,
  `color` varchar(100) NOT NULL,
  `size` varchar(50) NOT NULL,
  `width` varchar(50) NOT NULL,
  `quantity` int(11) NOT NULL DEFAULT 1,
  `added_at` timestamp NOT NULL DEFAULT current_timestamp(),
  `updated_at` timestamp NOT NULL DEFAULT current_timestamp() ON UPDATE current_timestamp(),
  PRIMARY KEY (`cart_item_id`),
  KEY `idx_user_id` (`user_id`),
  KEY `idx_product_id` (`product_id`)
) ENGINE=InnoDB AUTO_INCREMENT=85 DEFAULT CHARSET=utf8mb4 COLLATE=utf8mb4_general_ci;

INSERT INTO `cart_items` (`cart_item_id`, `user_id`, `product_id`, `product_name`, `price`, `image`, `color`, `size`, `width`, `quantity`, `added_at`, `updated_at`) VALUES
('1', '1', '/product/test-shoe', 'Test Shoe', '50.00', '/images/test.jpg', 'Black', '42', 'Medium', '2', '2025-06-29 14:03:36', '2025-06-29 14:03:36'),
('2', '1', '/product/test-login-shoe', 'Test Login Shoe', '75.00', '/images/test-login.jpg', 'Red', '40', 'Wide', '1', '2025-06-29 14:38:31', '2025-06-29 14:38:31');

CREATE TABLE `color_mappings` (
  `id` int(11) NOT NULL AUTO_INCREMENT,
  `color_name` varchar(100) DEFAULT NULL,
  `hex_code` varchar(7) DEFAULT NULL,
  `created_at` timestamp NOT NULL DEFAULT current_timestamp(),
  PRIMARY KEY (`id`),
  UNIQUE KEY `color_name` (`color_name`)
) ENGINE=InnoDB AUTO_INCREMENT=1056 DEFAULT CHARSET=utf8mb4 COLLATE=utf8mb4_general_ci;

INSERT INTO `color_mappings` (`id`, `color_name`, `hex_code`, `created_at`) VALUES
('1', 'sage', '#9CAF88', '2025-07-31 23:25:34'),
('2', 'coral', '#FF7F50', '2025-07-31 23:25:34'),
('3', 'dusty rose', '#DCAE96', '2025-07-31 23:25:34'),
('4', 'burnt sienna', '#E97451', '2025-07-31 23:25:34'),
('5', 'sage green', '#9CAF88', '2025-07-31 23:26:26'),
('6', 'mustard yellow', '#FFDB58', '2025-08-01 00:19:24'),
('7', 'lemon', '#FFF700', '2025-08-01 00:19:24'),
('8', 'indigo', '#4B0082', '2025-08-01 00:19:24'),
('9', 'lilac', '#C8A2C8', '2025-08-01 00:19:24'),
('10', 'violet', '#8A2BE2', '2025-08-01 00:19:24'),
('11', 'black', '#000000', '2025-08-07 15:13:28'),
('12', 'white', '#ffffff', '2025-08-07 15:13:28'),
('13', 'purple', '#a020f0', '2025-08-07 15:13:28'),
('14', 'pink', '#ffc0cb', '2025-08-07 15:13:28'),
('15', 'gray', '#bebebe', '2025-08-07 15:13:28'),
('16', 'red', '#ff0000', '2025-08-07 15:13:28'),
('17', 'green', '#008000', '2025-08-07 15:13:28'),
('18', 'blue', '#0000ff', '2025-08-07 15:13:28'),
('19', 'yellow', '#ffff00', '2025-08-07 15:13:28'),
('20', 'orange', '#ffa500', '2025-08-07 15:13:28'),
('21', 'grey', '#808080', '2025-08-07 15:13:28'),
('22', 'brown', '#8b4513', '2025-08-07 15:13:28'),
('23', 'dark brown', '#5c3a21', '2025-08-07 15:13:28'),
('24', 'light brown', '#cd853f', '2025-08-07 15:13:28'),
('25', 'tan', '#d2b48c', '2025-08-07 15:13:28'),
('26', 'beige', '#f5f5dc', '2025-08-07 15:13:28'),
('27', 'cognac', '#9f4a00', '2025-08-07 15:13:28'),
('28', 'camel', '#c19a6b', '2025-08-07 15:13:28'),
('29', 'chestnut', '#954535', '2025-08-07 15:13:28'),
('30', 'mahogany', '#c04000', '2025-08-07 15:13:28'),
('31', 'chocolate', '#7b3f00', '2025-08-07 15:13:29'),
('32', 'coffee', '#6f4e37', '2025-08-07 15:13:29'),
('33', 'caramel', '#af6e4d', '2025-08-07 15:13:29'),
('34', 'rust', '#b7410e', '2025-08-07 15:13:29'),
('35', 'copper', '#b87333', '2025-08-07 15:13:29'),
('36', 'bronze', '#cd7f32', '2025-08-07 15:13:29'),
('37', 'dark gray', '#555555', '2025-08-07 15:13:29'),
('38', 'dark grey', '#555555', '2025-08-07 15:13:29'),
('39', 'light gray', '#cccccc', '2025-08-07 15:13:29'),
('40', 'light grey', '#cccccc', '2025-08-07 15:13:29'),
('41', 'charcoal', '#36454f', '2025-08-07 15:13:29'),
('42', 'slate', '#708090', '2025-08-07 15:13:29'),
('43', 'silver', '#c0c0c0', '2025-08-07 15:13:29'),
('44', 'navy', '#1a2456', '2025-08-07 15:13:29'),
('45', 'dark blue', '#003366', '2025-08-07 15:13:29'),
('46', 'light blue', '#add8e6', '2025-08-07 15:13:29'),
('47', 'sky blue', '#87ceeb', '2025-08-07 15:13:29'),
('48', 'royal blue', '#4169e1', '2025-08-07 15:13:29'),
('49', 'teal', '#008080', '2025-08-07 15:13:29'),
('50', 'turquoise', '#40e0d0', '2025-08-07 15:13:29'),
('52', 'sapphire', '#0f52ba', '2025-08-07 15:13:30'),
('53', 'dark red', '#8b0000', '2025-08-07 15:13:30'),
('54', 'crimson', '#dc143c', '2025-08-07 15:13:30'),
('55', 'scarlet', '#ff2400', '2025-08-07 15:13:30'),
('56', 'burgundy', '#800020', '2025-08-07 15:13:30'),
('57', 'maroon', '#800000', '2025-08-07 15:13:30'),
('58', 'wine', '#722f37', '2025-08-07 15:13:30'),
('59', 'ruby', '#e0115f', '2025-08-07 15:13:30'),
('61', 'salmon', '#fa8072', '2025-08-07 15:13:30'),
('62', 'dark green', '#006400', '2025-08-07 15:13:30'),
('63', 'forest green', '#228b22', '2025-08-07 15:13:30'),
('64', 'lime green', '#32cd32', '2025-08-07 15:13:30'),
('65', 'olive', '#808000', '2025-08-07 15:13:30'),
('66', 'olive drab', '#6b8e23', '2025-08-07 15:13:30'),
('69', 'mint', '#98fb98', '2025-08-07 15:13:30'),
('70', 'emerald', '#50c878', '2025-08-07 15:13:30'),
('71', 'jade', '#00a86b', '2025-08-07 15:13:30'),
('72', 'dark yellow', '#cccc00', '2025-08-07 15:13:30'),
('73', 'light yellow', '#ffffe0', '2025-08-07 15:13:30'),
('74', 'gold', '#ffd700', '2025-08-07 15:13:30'),
('75', 'golden', '#ffd700', '2025-08-07 15:13:30'),
('76', 'golden yellow', '#ffdf00', '2025-08-07 15:13:30'),
('77', 'bright gold', '#ffd700', '2025-08-07 15:13:30'),
('78', 'dark gold', '#b8860b', '2025-08-07 15:13:30'),
('79', 'light gold', '#f0e68c', '2025-08-07 15:13:30'),
('80', 'old gold', '#cfb53b', '2025-08-07 15:13:30'),
('81', 'metallic gold', '#d4af37', '2025-08-07 15:13:30'),
('82', 'antique gold', '#cd9575', '2025-08-07 15:13:30'),
('83', 'rose gold', '#e8b4a0', '2025-08-07 15:13:30'),
('84', 'white gold', '#fffff0', '2025-08-07 15:13:31'),
('85', 'amber', '#ffbf00', '2025-08-07 15:13:31'),
('86', 'honey', '#ffc30b', '2025-08-07 15:13:31'),
('87', 'mustard', '#ffdb58', '2025-08-07 15:13:31'),
('90', 'lemon yellow', '#fff700', '2025-08-07 15:13:31'),
('91', 'canary yellow', '#ffef00', '2025-08-07 15:13:31'),
('92', 'butter yellow', '#fffd74', '2025-08-07 15:13:31'),
('93', 'cream yellow', '#f5deb3', '2025-08-07 15:13:31'),
('94', 'pale yellow', '#ffff99', '2025-08-07 15:13:31'),
('95', 'banana yellow', '#ffe135', '2025-08-07 15:13:31'),
('96', 'corn yellow', '#fff8dc', '2025-08-07 15:13:31'),
('97', 'straw yellow', '#e4d96f', '2025-08-07 15:13:31'),
('98', 'champagne', '#f7e7ce', '2025-08-07 15:13:31'),
('99', 'wheat', '#f5deb3', '2025-08-07 15:13:31'),
('100', 'goldenrod', '#daa520', '2025-08-07 15:13:31'),
('101', 'dark purple', '#4b0082', '2025-08-07 15:13:31'),
('102', 'light purple', '#dda0dd', '2025-08-07 15:13:31'),
('104', 'lavender', '#e6e6fa', '2025-08-07 15:13:31'),
('105', 'plum', '#dda0dd', '2025-08-07 15:13:31'),
('107', 'magenta', '#ff00ff', '2025-08-07 15:13:31'),
('108', 'hot pink', '#ff69b4', '2025-08-07 15:13:31'),
('109', 'light pink', '#ffb6c1', '2025-08-07 15:13:31'),
('110', 'rose', '#ff007f', '2025-08-07 15:13:31'),
('112', 'blush', '#de5d83', '2025-08-07 15:13:31'),
('113', 'dark orange', '#ff8c00', '2025-08-07 15:13:32'),
('114', 'light orange', '#ffd700', '2025-08-07 15:13:32'),
('115', 'peach', '#ffcba4', '2025-08-07 15:13:32'),
('116', 'burnt orange', '#cc5500', '2025-08-07 15:13:32'),
('118', 'sienna', '#a0522d', '2025-08-07 15:13:32'),
('119', 'cream', '#fffdd0', '2025-08-07 15:13:32'),
('120', 'ivory', '#fffff0', '2025-08-07 15:13:32'),
('121', 'pearl', '#f8f6f0', '2025-08-07 15:13:32'),
('122', 'vanilla', '#f3e5ab', '2025-08-07 15:13:32'),
('123', 'khaki', '#f0e68c', '2025-08-07 15:13:32'),
('124', 'sand', '#c2b280', '2025-08-07 15:13:32'),
('125', 'taupe', '#483c32', '2025-08-07 15:13:32'),
('126', 'mushroom', '#adaa9b', '2025-08-07 15:13:32'),
('127', 'stone', '#928e85', '2025-08-07 15:13:32'),
('128', 'ash', '#b2beb5', '2025-08-07 15:13:32'),
('129', 'smoke', '#738276', '2025-08-07 15:13:32'),
('130', 'fog', '#d7d3c8', '2025-08-07 15:13:32'),
('131', 'mist', '#c4c4bc', '2025-08-07 15:13:32'),
('132', 'cloud', '#f0f8ff', '2025-08-07 15:13:32'),
('133', 'ecru', '#c2b280', '2025-08-07 15:13:32'),
('134', 'eggshell', '#f0ead6', '2025-08-07 15:13:32'),
('135', 'linen', '#faf0e6', '2025-08-07 15:13:32'),
('136', 'oatmeal', '#d6cfc4', '2025-08-07 15:13:32'),
('137', 'oxblood', '#4a0000', '2025-08-07 15:13:32'),
('138', 'charcoal gray', '#36454f', '2025-08-07 15:13:32'),
('139', 'charcoal grey', '#36454f', '2025-08-07 15:13:32'),
('140', 'pewter', '#8a9a5b', '2025-08-07 15:13:33'),
('141', 'silver gray', '#c0c0c0', '2025-08-07 15:13:33'),
('142', 'tangerine', '#f28500', '2025-08-07 15:13:33'),
('143', 'apricot', '#fbceb1', '2025-08-07 15:13:33'),
('144', 'cantaloupe', '#ffa07a', '2025-08-07 15:13:33'),
('145', 'canary', '#ffef00', '2025-08-07 15:13:33'),
('146', 'chartreuse', '#7fff00', '2025-08-07 15:13:33'),
('147', 'absolute zero', '#0048ba', '2025-08-07 15:13:33'),
('148', 'alizarin crimson', '#e32636', '2025-08-07 15:13:33'),
('149', 'amaranth', '#e52b50', '2025-08-07 15:13:33'),
('150', 'barn red', '#7c0a02', '2025-08-07 15:13:33'),
('151', 'brick red', '#cb4154', '2025-08-07 15:13:33'),
('152', 'bright maroon', '#c32148', '2025-08-07 15:13:33'),
('153', 'brown1', '#ff4040', '2025-08-07 15:13:33'),
('154', 'brown2', '#ee3b3b', '2025-08-07 15:13:33'),
('155', 'brown3', '#cd3333', '2025-08-07 15:13:33'),
('156', 'brown4', '#8b2323', '2025-08-07 15:13:33'),
('157', 'cadmium red', '#e30022', '2025-08-07 15:13:33'),
('158', 'candy apple red', '#ff0800', '2025-08-07 15:13:33'),
('159', 'cardinal', '#c41e3a', '2025-08-07 15:13:33'),
('160', 'carmine', '#960018', '2025-08-07 15:13:33'),
('161', 'carmine pink', '#eb4c42', '2025-08-07 15:13:33'),
('162', 'carnelian', '#b31b1b', '2025-08-07 15:13:33'),
('163', 'cerise', '#de3163', '2025-08-07 15:13:33'),
('164', 'claret', '#7f1734', '2025-08-07 15:13:33'),
('165', 'coral1', '#ff7256', '2025-08-07 15:13:33'),
('166', 'coral2', '#ee6a50', '2025-08-07 15:13:33'),
('167', 'coral3', '#cd5b45', '2025-08-07 15:13:33'),
('168', 'coral4', '#8b3e2f', '2025-08-07 15:13:33'),
('169', 'cordovan', '#893f45', '2025-08-07 15:13:33'),
('170', 'darksalmon', '#e9967a', '2025-08-07 15:13:33'),
('171', 'deep cerise', '#da3287', '2025-08-07 15:13:33'),
('172', 'deeppink1', '#ff1493', '2025-08-07 15:13:33'),
('173', 'deeppink2', '#ee1289', '2025-08-07 15:13:33'),
('174', 'deeppink3', '#cd1076', '2025-08-07 15:13:33'),
('175', 'deeppink4', '#8b0a50', '2025-08-07 15:13:33'),
('176', 'dogwood rose', '#d71868', '2025-08-07 15:13:33'),
('177', 'falu red', '#801818', '2025-08-07 15:13:33'),
('178', 'ferrari red', '#ff2800', '2025-08-07 15:13:33'),
('179', 'firebrick', '#b22222', '2025-08-07 15:13:33'),
('180', 'firebrick1', '#ff3030', '2025-08-07 15:13:33'),
('181', 'firebrick2', '#ee2c2c', '2025-08-07 15:13:33'),
('182', 'firebrick3', '#cd2626', '2025-08-07 15:13:33'),
('183', 'firebrick4', '#8b1a1a', '2025-08-07 15:13:34'),
('184', 'imperial red', '#ed2939', '2025-08-07 15:13:34'),
('185', 'indianred', '#cd5c5c', '2025-08-07 15:13:34'),
('186', 'indianred1', '#ff6a6a', '2025-08-07 15:13:34'),
('187', 'indianred2', '#ee6363', '2025-08-07 15:13:34'),
('188', 'indianred3', '#cd5555', '2025-08-07 15:13:34'),
('189', 'indianred4', '#8b3a3a', '2025-08-07 15:13:34'),
('190', 'lightcoral', '#f08080', '2025-08-07 15:13:34'),
('191', 'lightsalmon1', '#ffa07a', '2025-08-07 15:13:34'),
('192', 'lightsalmon2', '#ee9572', '2025-08-07 15:13:34'),
('193', 'lightsalmon3', '#cd8162', '2025-08-07 15:13:34'),
('194', 'lightsalmon4', '#8b5742', '2025-08-07 15:13:34'),
('195', 'maroon1', '#ff34b3', '2025-08-07 15:13:34'),
('196', 'maroon2', '#ee30a7', '2025-08-07 15:13:34'),
('197', 'maroon3', '#cd2990', '2025-08-07 15:13:34'),
('198', 'maroon4', '#8b1c62', '2025-08-07 15:13:34'),
('199', 'medium candy apple red', '#e2062c', '2025-08-07 15:13:34'),
('200', 'medium carmine', '#af4035', '2025-08-07 15:13:34'),
('201', 'persian red', '#cc3333', '2025-08-07 15:13:34'),
('202', 'radical red', '#ff355e', '2025-08-07 15:13:35'),
('203', 'raspberry', '#e30b5d', '2025-08-07 15:13:35'),
('204', 'razzmatazz', '#e3256b', '2025-08-07 15:13:35'),
('205', 'red orange', '#ff5349', '2025-08-07 15:13:35'),
('206', 'red2', '#ee0000', '2025-08-07 15:13:35'),
('207', 'red3', '#cd0000', '2025-08-07 15:13:35'),
('208', 'red4', '#8b0000', '2025-08-07 15:13:35'),
('209', 'redwood', '#a45a52', '2025-08-07 15:13:35'),
('210', 'rosybrown', '#bc8f8f', '2025-08-07 15:13:35'),
('211', 'rosybrown1', '#ffc1c1', '2025-08-07 15:13:35'),
('212', 'rosybrown2', '#eeb4b4', '2025-08-07 15:13:35'),
('213', 'rosybrown3', '#cd9b9b', '2025-08-07 15:13:36'),
('214', 'rosybrown4', '#8b6969', '2025-08-07 15:13:36'),
('215', 'salmon1', '#ff8c69', '2025-08-07 15:13:36'),
('216', 'salmon2', '#ee8262', '2025-08-07 15:13:36'),
('217', 'salmon3', '#cd7054', '2025-08-07 15:13:36'),
('218', 'salmon4', '#8b4c39', '2025-08-07 15:13:36'),
('219', 'tomato1', '#ff6347', '2025-08-07 15:13:36'),
('220', 'tomato2', '#ee5c42', '2025-08-07 15:13:36'),
('221', 'tomato3', '#cd4f39', '2025-08-07 15:13:36'),
('222', 'tomato4', '#8b3626', '2025-08-07 15:13:36'),
('223', 'tuscan red', '#7c4848', '2025-08-07 15:13:36'),
('224', 'upsdell red', '#ae2029', '2025-08-07 15:13:36'),
('225', 'venetian red', '#c80815', '2025-08-07 15:13:36'),
('226', 'vivid burgundy', '#9f1d35', '2025-08-07 15:13:37'),
('227', 'aliceblue', '#f0f8ff', '2025-08-07 15:13:37'),
('228', 'amethyst', '#9966cc', '2025-08-07 15:13:37'),
('229', 'antiquewhite', '#faebd7', '2025-08-07 15:13:37'),
('230', 'antiquewhite1', '#ffefdb', '2025-08-07 15:13:37'),
('231', 'antiquewhite2', '#eedfcc', '2025-08-07 15:13:37'),
('232', 'antiquewhite3', '#cdc0b0', '2025-08-07 15:13:37'),
('233', 'antiquewhite4', '#8b8378', '2025-08-07 15:13:37'),
('234', 'aqua', '#00ffff', '2025-08-07 15:13:37'),
('235', 'aquamarine1', '#7fffd4', '2025-08-07 15:13:37'),
('236', 'aquamarine2', '#76eec6', '2025-08-07 15:13:37'),
('237', 'aquamarine4', '#458b74', '2025-08-07 15:13:37'),
('238', 'army green', '#4b5320', '2025-08-07 15:13:37'),
('239', 'arylide yellow', '#e9d66b', '2025-08-07 15:13:37'),
('240', 'ash grey', '#b2beb5', '2025-08-07 15:13:37'),
('241', 'asparagus', '#87a96b', '2025-08-07 15:13:37'),
('242', 'aureolin', '#fdee00', '2025-08-07 15:13:37'),
('243', 'azure1', '#f0ffff', '2025-08-07 15:13:37'),
('244', 'azure2', '#e0eeee', '2025-08-07 15:13:37'),
('245', 'azure3', '#c1cdcd', '2025-08-07 15:13:37'),
('246', 'azure4', '#838b8b', '2025-08-07 15:13:37'),
('247', 'baby blue', '#89cff0', '2025-08-07 15:13:37'),
('248', 'baby pink', '#f4c2c2', '2025-08-07 15:13:38'),
('249', 'baker-miller pink', '#ff91af', '2025-08-07 15:13:38'),
('250', 'banana mania', '#fae7b5', '2025-08-07 15:13:38'),
('251', 'battleship gray', '#848482', '2025-08-07 15:13:38'),
('252', 'beaver', '#9f8170', '2025-08-07 15:13:38'),
('253', 'bisque1', '#ffe4c4', '2025-08-07 15:13:38'),
('254', 'bisque2', '#eed5b7', '2025-08-07 15:13:38'),
('255', 'bisque3', '#cdb79e', '2025-08-07 15:13:38'),
('256', 'bisque4', '#8b7d6b', '2025-08-07 15:13:38'),
('257', 'bistre', '#3d2b1f', '2025-08-07 15:13:38'),
('258', 'bitter lemon', '#cae00d', '2025-08-07 15:13:38'),
('259', 'bitter lime', '#bfff00', '2025-08-07 15:13:38'),
('260', 'bittersweet', '#fe6f5e', '2025-08-07 15:13:38'),
('261', 'bittersweet shimmer', '#bf4f51', '2025-08-07 15:13:38'),
('262', 'black coffee', '#3b2f2f', '2025-08-07 15:13:38'),
('263', 'black olive', '#3b3c36', '2025-08-07 15:13:38'),
('264', 'black shadows', '#bfafb2', '2025-08-07 15:13:38'),
('265', 'blanchedalmond', '#ffebcd', '2025-08-07 15:13:38'),
('266', 'bleu de france', '#318ce7', '2025-08-07 15:13:38'),
('267', 'blond', '#faf0be', '2025-08-07 15:13:38'),
('268', 'blue (pantone)', '#0018a8', '2025-08-07 15:13:38'),
('269', 'blue bell', '#a2a2d0', '2025-08-07 15:13:38'),
('270', 'blue green', '#0d98ba', '2025-08-07 15:13:38'),
('271', 'blue2', '#0000ee', '2025-08-07 15:13:38'),
('272', 'blue4', '#00008b', '2025-08-07 15:13:38'),
('273', 'blueviolet', '#8a2be2', '2025-08-07 15:13:38'),
('274', 'bole', '#79443b', '2025-08-07 15:13:38'),
('275', 'bone', '#e3dac9', '2025-08-07 15:13:38'),
('276', 'boysenberry', '#873260', '2025-08-07 15:13:38'),
('277', 'brandeis blue', '#0070ff', '2025-08-07 15:13:38'),
('278', 'brass', '#b5a642', '2025-08-07 15:13:38'),
('279', 'bright cerulean', '#1dacd6', '2025-08-07 15:13:38'),
('280', 'bright green', '#66ff00', '2025-08-07 15:13:38'),
('281', 'bright lavender', '#bf94e4', '2025-08-07 15:13:38'),
('282', 'bright lilac', '#d891ef', '2025-08-07 15:13:38'),
('283', 'bright navy blue', '#1974d2', '2025-08-07 15:13:38'),
('284', 'bright turquoise', '#08e8de', '2025-08-07 15:13:38'),
('285', 'bright ube', '#d19fe8', '2025-08-07 15:13:38'),
('286', 'brilliant rose', '#ff55a3', '2025-08-07 15:13:38'),
('287', 'brink pink', '#fb607f', '2025-08-07 15:13:38'),
('288', 'british racing green', '#004225', '2025-08-07 15:13:38'),
('289', 'brunswick green', '#1b4d3e', '2025-08-07 15:13:38'),
('290', 'bubble gum', '#ffc1cc', '2025-08-07 15:13:38'),
('291', 'buff', '#f0dc82', '2025-08-07 15:13:38'),
('292', 'bulgarian rose', '#480607', '2025-08-07 15:13:38'),
('293', 'burlywood', '#deb887', '2025-08-07 15:13:38'),
('294', 'burlywood1', '#ffd39b', '2025-08-07 15:13:39'),
('295', 'burlywood2', '#eec591', '2025-08-07 15:13:39'),
('296', 'burlywood3', '#cdaa7d', '2025-08-07 15:13:39'),
('297', 'burlywood4', '#8b7355', '2025-08-07 15:13:39'),
('298', 'burnished brown', '#a17a74', '2025-08-07 15:13:39'),
('299', 'burnt umber', '#8a3324', '2025-08-07 15:13:39'),
('300', 'byzantine', '#bd33a4', '2025-08-07 15:13:39'),
('301', 'byzantium', '#702963', '2025-08-07 15:13:39'),
('302', 'cadet grey', '#91a3b0', '2025-08-07 15:13:39'),
('303', 'cadetblue', '#5f9ea0', '2025-08-07 15:13:39'),
('304', 'cadetblue1', '#98f5ff', '2025-08-07 15:13:39'),
('305', 'cadetblue2', '#8ee5ee', '2025-08-07 15:13:39'),
('306', 'cadetblue3', '#7ac5cd', '2025-08-07 15:13:39'),
('307', 'cadetblue4', '#53868b', '2025-08-07 15:13:39'),
('308', 'cadmium green', '#006b3c', '2025-08-07 15:13:39'),
('309', 'cadmium orange', '#ed872d', '2025-08-07 15:13:39'),
('310', 'cadmium yellow', '#fff600', '2025-08-07 15:13:39'),
('311', 'cambridge blue', '#a3c1ad', '2025-08-07 15:13:39'),
('312', 'cameo pink', '#efbbcc', '2025-08-07 15:13:39'),
('313', 'camouflage green', '#78866b', '2025-08-07 15:13:39'),
('314', 'candy pink', '#e4717a', '2025-08-07 15:13:40'),
('315', 'caput mortuum', '#592720', '2025-08-07 15:13:40'),
('316', 'caribbean green', '#00cc99', '2025-08-07 15:13:40'),
('317', 'carnation pink', '#ffa6c9', '2025-08-07 15:13:40'),
('318', 'carolina blue', '#56a0d3', '2025-08-07 15:13:40'),
('319', 'carrot orange', '#ed9121', '2025-08-07 15:13:40'),
('320', 'castleton green', '#00563f', '2025-08-07 15:13:40'),
('321', 'cedar chest', '#c95a49', '2025-08-07 15:13:40'),
('322', 'celadon', '#ace1af', '2025-08-07 15:13:40'),
('323', 'celadon green', '#2f847c', '2025-08-07 15:13:40'),
('324', 'celeste', '#b2ffff', '2025-08-07 15:13:40'),
('325', 'celtic blue', '#246bce', '2025-08-07 15:13:40'),
('326', 'cerulean', '#007ba7', '2025-08-07 15:13:40'),
('327', 'cerulean blue', '#2a52be', '2025-08-07 15:13:40'),
('328', 'cerulean frost', '#6d9bc3', '2025-08-07 15:13:40'),
('329', 'cg blue', '#007aa5', '2025-08-07 15:13:40'),
('330', 'chamoisee', '#a0785a', '2025-08-07 15:13:40'),
('331', 'chartreuse1', '#7fff00', '2025-08-07 15:13:40'),
('332', 'chartreuse2', '#76ee00', '2025-08-07 15:13:40'),
('333', 'chartreuse3', '#66cd00', '2025-08-07 15:13:40'),
('334', 'chartreuse4', '#458b00', '2025-08-07 15:13:40'),
('335', 'cherry blossom pink', '#ffb7c5', '2025-08-07 15:13:40'),
('336', 'chocolate1', '#ff7f24', '2025-08-07 15:13:40'),
('337', 'chocolate2', '#ee7621', '2025-08-07 15:13:40'),
('338', 'chocolate3', '#cd661d', '2025-08-07 15:13:40'),
('339', 'chrome yellow', '#ffa700', '2025-08-07 15:13:40'),
('340', 'cinereous', '#98817b', '2025-08-07 15:13:40'),
('341', 'cinnabar', '#e34234', '2025-08-07 15:13:40'),
('342', 'citrine', '#e4d00a', '2025-08-07 15:13:40'),
('343', 'citron', '#9fa91f', '2025-08-07 15:13:41'),
('344', 'cobalt', '#0047ab', '2025-08-07 15:13:41'),
('345', 'cool grey', '#8c92ac', '2025-08-07 15:13:41'),
('346', 'copper red', '#cb6d51', '2025-08-07 15:13:41'),
('347', 'copper rose', '#996666', '2025-08-07 15:13:41'),
('348', 'coquelicot', '#ff3800', '2025-08-07 15:13:41'),
('349', 'coral pink', '#f88379', '2025-08-07 15:13:41'),
('350', 'corn', '#fbec5d', '2025-08-07 15:13:41'),
('351', 'cornflowerblue', '#6495ed', '2025-08-07 15:13:41'),
('352', 'cornsilk1', '#fff8dc', '2025-08-07 15:13:41'),
('353', 'cornsilk2', '#eee8cd', '2025-08-07 15:13:41'),
('354', 'cornsilk3', '#cdc8b1', '2025-08-07 15:13:41'),
('355', 'cornsilk4', '#8b8878', '2025-08-07 15:13:41'),
('356', 'cosmic cobalt', '#2e2d88', '2025-08-07 15:13:41'),
('357', 'cosmic latte', '#fff8e7', '2025-08-07 15:13:41'),
('358', 'cotton candy', '#ffbcd9', '2025-08-07 15:13:41'),
('359', 'crystal', '#a7d8de', '2025-08-07 15:13:41'),
('360', 'cyan1', '#00ffff', '2025-08-07 15:13:41'),
('361', 'cyan2', '#00eeee', '2025-08-07 15:13:41'),
('362', 'cyan3', '#00cdcd', '2025-08-07 15:13:41'),
('363', 'cyan4', '#008b8b', '2025-08-07 15:13:41'),
('364', 'cyclamen', '#f56fa1', '2025-08-07 15:13:41'),
('365', 'daffodil', '#ffff31', '2025-08-07 15:13:41'),
('366', 'dandelion', '#f0e130', '2025-08-07 15:13:41'),
('367', 'dark byzantium', '#5d3954', '2025-08-07 15:13:41'),
('368', 'dark jungle green', '#1a2421', '2025-08-07 15:13:41'),
('369', 'dark lavender', '#734f96', '2025-08-07 15:13:41'),
('370', 'dark moss green', '#4a5d23', '2025-08-07 15:13:41'),
('371', 'dark pastel green', '#03c03c', '2025-08-07 15:13:42'),
('372', 'dark sienna', '#3c1414', '2025-08-07 15:13:42'),
('373', 'dark sky blue', '#8cbed6', '2025-08-07 15:13:42'),
('374', 'dark spring green', '#177245', '2025-08-07 15:13:42'),
('375', 'darkgoldenrod', '#b8860b', '2025-08-07 15:13:42'),
('376', 'darkgoldenrod1', '#ffb90f', '2025-08-07 15:13:42'),
('377', 'darkgoldenrod2', '#eead0e', '2025-08-07 15:13:42'),
('378', 'darkgoldenrod3', '#cd950c', '2025-08-07 15:13:42'),
('379', 'darkgoldenrod4', '#8b6508', '2025-08-07 15:13:42'),
('380', 'darkgreen', '#006400', '2025-08-07 15:13:42'),
('381', 'darkkhaki', '#bdb76b', '2025-08-07 15:13:42'),
('382', 'darkolivegreen', '#556b2f', '2025-08-07 15:13:42'),
('383', 'darkolivegreen1', '#caff70', '2025-08-07 15:13:42'),
('384', 'darkolivegreen2', '#bcee68', '2025-08-07 15:13:42'),
('385', 'darkolivegreen3', '#a2cd5a', '2025-08-07 15:13:42'),
('386', 'darkolivegreen4', '#6e8b3d', '2025-08-07 15:13:42'),
('387', 'darkorange', '#ff8c00', '2025-08-07 15:13:42'),
('388', 'darkorange1', '#ff7f00', '2025-08-07 15:13:42'),
('389', 'darkorange2', '#ee7600', '2025-08-07 15:13:42'),
('390', 'darkorange3', '#cd6600', '2025-08-07 15:13:42'),
('391', 'darkorange4', '#8b4500', '2025-08-07 15:13:42'),
('392', 'darkorchid', '#9932cc', '2025-08-07 15:13:42'),
('393', 'darkorchid1', '#bf3eff', '2025-08-07 15:13:42'),
('394', 'darkorchid2', '#b23aee', '2025-08-07 15:13:42'),
('395', 'darkorchid3', '#9a32cd', '2025-08-07 15:13:43'),
('396', 'darkorchid4', '#68228b', '2025-08-07 15:13:43'),
('397', 'darkseagreen', '#8fbc8f', '2025-08-07 15:13:43'),
('398', 'darkseagreen1', '#c1ffc1', '2025-08-07 15:13:43'),
('399', 'darkseagreen2', '#b4eeb4', '2025-08-07 15:13:43'),
('400', 'darkseagreen3', '#9bcd9b', '2025-08-07 15:13:43'),
('401', 'darkseagreen4', '#698b69', '2025-08-07 15:13:43'),
('402', 'darkslateblue', '#483d8b', '2025-08-07 15:13:43'),
('403', 'darkslategray', '#2f4f4f', '2025-08-07 15:13:43'),
('404', 'darkslategray1', '#97ffff', '2025-08-07 15:13:43'),
('405', 'darkslategray2', '#8deeee', '2025-08-07 15:13:43'),
('406', 'darkslategray3', '#79cdcd', '2025-08-07 15:13:43'),
('407', 'darkslategray4', '#528b8b', '2025-08-07 15:13:43'),
('408', 'darkturquoise', '#00ced1', '2025-08-07 15:13:43'),
('409', 'darkviolet', '#9400d3', '2025-08-07 15:13:43'),
('410', 'dartmouth green', '#00703c', '2025-08-07 15:13:43'),
('411', 'deep champagne', '#fad6a5', '2025-08-07 15:13:44'),
('412', 'deep fuchsia', '#c154c1', '2025-08-07 15:13:44'),
('413', 'deep jungle green', '#004b49', '2025-08-07 15:13:44'),
('414', 'deep peach', '#ffcba4', '2025-08-07 15:13:44'),
('415', 'deep saffron', '#ff9933', '2025-08-07 15:13:44'),
('416', 'deep space sparkle', '#4a646c', '2025-08-07 15:13:44'),
('417', 'deep chestnut', '#b94e48', '2025-08-07 15:13:44'),
('418', 'deepskyblue1', '#00bfff', '2025-08-07 15:13:44'),
('419', 'deepskyblue2', '#00b2ee', '2025-08-07 15:13:44'),
('420', 'deepskyblue3', '#009acd', '2025-08-07 15:13:44'),
('421', 'deepskyblue4', '#00688b', '2025-08-07 15:13:44'),
('422', 'denim', '#1560bd', '2025-08-07 15:13:44'),
('423', 'denim blue', '#2243b6', '2025-08-07 15:13:44'),
('424', 'desert sand', '#edc9af', '2025-08-07 15:13:44'),
('425', 'dimgray', '#696969', '2025-08-07 15:13:44'),
('426', 'dodgerblue1', '#1e90ff', '2025-08-07 15:13:45'),
('427', 'dodgerblue2', '#1c86ee', '2025-08-07 15:13:45'),
('428', 'dodgerblue3', '#1874cd', '2025-08-07 15:13:45'),
('429', 'dodgerblue4', '#104e8b', '2025-08-07 15:13:45'),
('430', 'dutch white', '#efdfbb', '2025-08-07 15:13:45'),
('431', 'earth yellow', '#e1a95f', '2025-08-07 15:13:45'),
('432', 'ebony', '#555d50', '2025-08-07 15:13:45'),
('433', 'eggplant', '#614051', '2025-08-07 15:13:45'),
('434', 'egyptian blue', '#1034a6', '2025-08-07 15:13:45'),
('435', 'electric blue', '#7df9ff', '2025-08-07 15:13:45'),
('436', 'electric indigo', '#6f00ff', '2025-08-07 15:13:45'),
('437', 'electric lime', '#ccff00', '2025-08-07 15:13:45'),
('438', 'electric purple', '#bf00ff', '2025-08-07 15:13:45'),
('439', 'eminence', '#6c3082', '2025-08-07 15:13:45'),
('440', 'eton blue', '#96c8a2', '2025-08-07 15:13:45'),
('441', 'fawn', '#e5aa70', '2025-08-07 15:13:46'),
('442', 'feldgrau', '#4d5d53', '2025-08-07 15:13:46'),
('443', 'fern green', '#4f7942', '2025-08-07 15:13:46'),
('444', 'fire opal', '#e95c4b', '2025-08-07 15:13:46'),
('445', 'flamingo pink', '#fc8eac', '2025-08-07 15:13:46'),
('446', 'floralwhite', '#fffaf0', '2025-08-07 15:13:46'),
('447', 'flourescent blue', '#15f4ee', '2025-08-07 15:13:46'),
('448', 'french beige', '#a67b5b', '2025-08-07 15:13:46'),
('449', 'french bistre', '#856d4d', '2025-08-07 15:13:46'),
('450', 'french blue', '#0072bb', '2025-08-07 15:13:46'),
('451', 'french lilac', '#86608e', '2025-08-07 15:13:46'),
('452', 'french mauve', '#d473d4', '2025-08-07 15:13:46'),
('453', 'french pink', '#fd6c9e', '2025-08-07 15:13:46'),
('454', 'french rose', '#f64a8a', '2025-08-07 15:13:46'),
('455', 'french sky blue', '#77b5fe', '2025-08-07 15:13:46'),
('456', 'french violet', '#8806ce', '2025-08-07 15:13:46'),
('457', 'frostbite', '#e936a7', '2025-08-07 15:13:46'),
('458', 'fuchsia purple', '#cc397b', '2025-08-07 15:13:46'),
('459', 'fuchsia rose', '#c74375', '2025-08-07 15:13:47'),
('460', 'fulvous', '#e48400', '2025-08-07 15:13:47'),
('461', 'fuzzy wuzzy', '#87421f', '2025-08-07 15:13:47'),
('462', 'go green', '#00ab66', '2025-08-07 15:13:47'),
('463', 'gainsboro', '#dcdcdc', '2025-08-07 15:13:47'),
('464', 'gamboge', '#e49b0f', '2025-08-07 15:13:47'),
('465', 'generic viridian', '#007f66', '2025-08-07 15:13:47'),
('466', 'ghostwhite', '#f8f8ff', '2025-08-07 15:13:47'),
('467', 'ginger', '#b06500', '2025-08-07 15:13:47'),
('468', 'glaucous', '#6082b6', '2025-08-07 15:13:47'),
('469', 'glossy grape', '#ab92b3', '2025-08-07 15:13:47'),
('470', 'gold fusion', '#85754e', '2025-08-07 15:13:47'),
('471', 'gold1', '#ffd700', '2025-08-07 15:13:47'),
('472', 'gold2', '#eec900', '2025-08-07 15:13:47'),
('473', 'gold3', '#cdad00', '2025-08-07 15:13:47'),
('474', 'gold4', '#8b7500', '2025-08-07 15:13:47'),
('475', 'golden brown', '#996515', '2025-08-07 15:13:47'),
('476', 'golden poppy', '#fcc200', '2025-08-07 15:13:47'),
('477', 'goldenrod1', '#ffc125', '2025-08-07 15:13:47'),
('478', 'goldenrod2', '#eeb422', '2025-08-07 15:13:47'),
('479', 'goldenrod3', '#cd9b1d', '2025-08-07 15:13:47'),
('480', 'goldenrod4', '#8b6914', '2025-08-07 15:13:47'),
('481', 'granite gray', '#676767', '2025-08-07 15:13:48'),
('482', 'granny smith apple', '#a8e4a0', '2025-08-07 15:13:48'),
('483', 'gray1', '#030303', '2025-08-07 15:13:48'),
('484', 'gray10', '#1a1a1a', '2025-08-07 15:13:48'),
('485', 'gray11', '#1c1c1c', '2025-08-07 15:13:48'),
('486', 'gray12', '#1f1f1f', '2025-08-07 15:13:48'),
('487', 'gray13', '#212121', '2025-08-07 15:13:48'),
('488', 'gray14', '#242424', '2025-08-07 15:13:48'),
('489', 'gray15', '#262626', '2025-08-07 15:13:48'),
('490', 'gray16', '#292929', '2025-08-07 15:13:48'),
('491', 'gray17', '#2b2b2b', '2025-08-07 15:13:48'),
('492', 'gray18', '#2e2e2e', '2025-08-07 15:13:48'),
('493', 'gray19', '#303030', '2025-08-07 15:13:48'),
('494', 'gray2', '#050505', '2025-08-07 15:13:48'),
('495', 'gray20', '#333333', '2025-08-07 15:13:48'),
('496', 'gray21', '#363636', '2025-08-07 15:13:48'),
('497', 'gray22', '#383838', '2025-08-07 15:13:48'),
('498', 'gray23', '#3b3b3b', '2025-08-07 15:13:48'),
('499', 'gray24', '#3d3d3d', '2025-08-07 15:13:48'),
('500', 'gray25', '#404040', '2025-08-07 15:13:48'),
('501', 'gray26', '#424242', '2025-08-07 15:13:48'),
('502', 'gray27', '#454545', '2025-08-07 15:13:48'),
('503', 'gray28', '#474747', '2025-08-07 15:13:49'),
('504', 'gray29', '#4a4a4a', '2025-08-07 15:13:49'),
('505', 'gray3', '#080808', '2025-08-07 15:13:49'),
('506', 'gray30', '#4d4d4d', '2025-08-07 15:13:49'),
('507', 'gray31', '#4f4f4f', '2025-08-07 15:13:49'),
('508', 'gray32', '#525252', '2025-08-07 15:13:49'),
('509', 'gray33', '#545454', '2025-08-07 15:13:49'),
('510', 'gray34', '#575757', '2025-08-07 15:13:49'),
('511', 'gray35', '#595959', '2025-08-07 15:13:49'),
('512', 'gray36', '#5c5c5c', '2025-08-07 15:13:49'),
('513', 'gray37', '#5e5e5e', '2025-08-07 15:13:49'),
('514', 'gray38', '#616161', '2025-08-07 15:13:49'),
('515', 'gray39', '#636363', '2025-08-07 15:13:49'),
('516', 'gray4', '#0a0a0a', '2025-08-07 15:13:49'),
('517', 'gray40', '#666666', '2025-08-07 15:13:49'),
('518', 'gray41', '#696969', '2025-08-07 15:13:49'),
('519', 'gray42', '#6b6b6b', '2025-08-07 15:13:49'),
('520', 'gray43', '#6e6e6e', '2025-08-07 15:13:49'),
('521', 'gray44', '#707070', '2025-08-07 15:13:49'),
('522', 'gray45', '#737373', '2025-08-07 15:13:49'),
('523', 'gray46', '#757575', '2025-08-07 15:13:49'),
('524', 'gray47', '#787878', '2025-08-07 15:13:49'),
('525', 'gray48', '#7a7a7a', '2025-08-07 15:13:49'),
('526', 'gray49', '#7d7d7d', '2025-08-07 15:13:49'),
('527', 'gray5', '#0d0d0d', '2025-08-07 15:13:49'),
('528', 'gray50', '#7f7f7f', '2025-08-07 15:13:49'),
('529', 'gray51', '#828282', '2025-08-07 15:13:49'),
('530', 'gray52', '#858585', '2025-08-07 15:13:49'),
('531', 'gray53', '#878787', '2025-08-07 15:13:50'),
('532', 'gray54', '#8a8a8a', '2025-08-07 15:13:50'),
('533', 'gray55', '#8c8c8c', '2025-08-07 15:13:50'),
('534', 'gray56', '#8f8f8f', '2025-08-07 15:13:50'),
('535', 'gray57', '#919191', '2025-08-07 15:13:50'),
('536', 'gray58', '#949494', '2025-08-07 15:13:50'),
('537', 'gray59', '#969696', '2025-08-07 15:13:50'),
('538', 'gray6', '#0f0f0f', '2025-08-07 15:13:50'),
('539', 'gray60', '#999999', '2025-08-07 15:13:50'),
('540', 'gray61', '#9c9c9c', '2025-08-07 15:13:51'),
('541', 'gray62', '#9e9e9e', '2025-08-07 15:13:51'),
('542', 'gray63', '#a1a1a1', '2025-08-07 15:13:51'),
('543', 'gray64', '#a3a3a3', '2025-08-07 15:13:51'),
('544', 'gray65', '#a6a6a6', '2025-08-07 15:13:52'),
('545', 'gray66', '#a8a8a8', '2025-08-07 15:13:52'),
('546', 'gray67', '#ababab', '2025-08-07 15:13:52'),
('547', 'gray68', '#adadad', '2025-08-07 15:13:52'),
('548', 'gray69', '#b0b0b0', '2025-08-07 15:13:52'),
('549', 'gray7', '#121212', '2025-08-07 15:13:52'),
('550', 'gray70', '#b3b3b3', '2025-08-07 15:13:52'),
('551', 'gray71', '#b5b5b5', '2025-08-07 15:13:52'),
('552', 'gray72', '#b8b8b8', '2025-08-07 15:13:52'),
('553', 'gray73', '#bababa', '2025-08-07 15:13:52'),
('554', 'gray74', '#bdbdbd', '2025-08-07 15:13:52'),
('555', 'gray75', '#bfbfbf', '2025-08-07 15:13:52'),
('556', 'gray76', '#c2c2c2', '2025-08-07 15:13:52'),
('557', 'gray77', '#c4c4c4', '2025-08-07 15:13:53'),
('558', 'gray78', '#c7c7c7', '2025-08-07 15:13:53'),
('559', 'gray79', '#c9c9c9', '2025-08-07 15:13:53'),
('560', 'gray8', '#141414', '2025-08-07 15:13:53'),
('561', 'gray80', '#cccccc', '2025-08-07 15:13:53'),
('562', 'gray81', '#cfcfcf', '2025-08-07 15:13:53'),
('563', 'gray82', '#d1d1d1', '2025-08-07 15:13:53'),
('564', 'gray83', '#d4d4d4', '2025-08-07 15:13:53'),
('565', 'gray84', '#d6d6d6', '2025-08-07 15:13:53'),
('566', 'gray85', '#d9d9d9', '2025-08-07 15:13:53'),
('567', 'gray86', '#dbdbdb', '2025-08-07 15:13:53'),
('568', 'gray87', '#dedede', '2025-08-07 15:13:53'),
('569', 'gray88', '#e0e0e0', '2025-08-07 15:13:53'),
('570', 'gray89', '#e3e3e3', '2025-08-07 15:13:53'),
('571', 'gray9', '#171717', '2025-08-07 15:13:53'),
('572', 'gray90', '#e5e5e5', '2025-08-07 15:13:53'),
('573', 'gray91', '#e8e8e8', '2025-08-07 15:13:53'),
('574', 'gray92', '#ebebeb', '2025-08-07 15:13:53'),
('575', 'gray93', '#ededed', '2025-08-07 15:13:53'),
('576', 'gray94', '#f0f0f0', '2025-08-07 15:13:53'),
('577', 'gray95', '#f2f2f2', '2025-08-07 15:13:53'),
('578', 'gray97', '#f7f7f7', '2025-08-07 15:13:53'),
('579', 'gray98', '#fafafa', '2025-08-07 15:13:54'),
('580', 'gray99', '#fcfcfc', '2025-08-07 15:13:54'),
('581', 'green (crayola)', '#1cac78', '2025-08-07 15:13:54'),
('582', 'green (pantone)', '#00ad43', '2025-08-07 15:13:54'),
('583', 'green (pigment)', '#00a550', '2025-08-07 15:13:54'),
('584', 'green lizard', '#a7f432', '2025-08-07 15:13:54'),
('585', 'green sheen', '#6eaea1', '2025-08-07 15:13:54'),
('586', 'green2', '#00ee00', '2025-08-07 15:13:54'),
('587', 'green3', '#00cd00', '2025-08-07 15:13:54'),
('588', 'green4', '#008b00', '2025-08-07 15:13:54'),
('589', 'greenyellow', '#adff2f', '2025-08-07 15:13:54'),
('590', 'grullo', '#a99a86', '2025-08-07 15:13:54'),
('591', 'gunmetal', '#2a3439', '2025-08-07 15:13:54'),
('592', 'han blue', '#446ccf', '2025-08-07 15:13:54'),
('593', 'han purple', '#5218fa', '2025-08-07 15:13:55'),
('594', 'harlequin', '#3fff00', '2025-08-07 15:13:55'),
('595', 'harvest gold', '#da9100', '2025-08-07 15:13:55'),
('596', 'heliotrope', '#df73ff', '2025-08-07 15:13:55'),
('597', 'hollywood cerise', '#f400a1', '2025-08-07 15:13:55'),
('598', 'honeydew1', '#f0fff0', '2025-08-07 15:13:55'),
('599', 'honeydew2', '#e0eee0', '2025-08-07 15:13:55'),
('600', 'honeydew3', '#c1cdc1', '2025-08-07 15:13:55'),
('601', 'honeydew4', '#838b83', '2025-08-07 15:13:55'),
('602', 'honolulu blue', '#006db0', '2025-08-07 15:13:55'),
('603', 'hot magenta', '#ff1dce', '2025-08-07 15:13:55'),
('604', 'hotpink', '#ff69b4', '2025-08-07 15:13:55'),
('605', 'hotpink1', '#ff6eb4', '2025-08-07 15:13:55'),
('606', 'hotpink2', '#ee6aa7', '2025-08-07 15:13:56'),
('607', 'hotpink3', '#cd6090', '2025-08-07 15:13:56'),
('608', 'hotpink4', '#8b3a62', '2025-08-07 15:13:56'),
('609', 'hunter green', '#355e3b', '2025-08-07 15:13:56'),
('610', 'iceberg', '#71a6d2', '2025-08-07 15:13:56'),
('611', 'icterine', '#fcf75e', '2025-08-07 15:13:56'),
('612', 'illuminating emerald', '#319177', '2025-08-07 15:13:56'),
('613', 'inchworm', '#b2ec5d', '2025-08-07 15:13:56'),
('614', 'india green', '#138808', '2025-08-07 15:13:57'),
('615', 'indian yellow', '#e3a857', '2025-08-07 15:13:57'),
('616', 'international orange', '#ff4f00', '2025-08-07 15:13:57'),
('617', 'iris', '#5a4fcf', '2025-08-07 15:13:57'),
('618', 'isabelline', '#f4f0ec', '2025-08-07 15:13:57'),
('619', 'ivory1', '#fffff0', '2025-08-07 15:13:57'),
('620', 'ivory2', '#eeeee0', '2025-08-07 15:13:57'),
('621', 'ivory3', '#cdcdc1', '2025-08-07 15:13:57'),
('622', 'ivory4', '#8b8b83', '2025-08-07 15:13:57'),
('623', 'japanese carmine', '#9d2933', '2025-08-07 15:13:57'),
('624', 'jasmine', '#f8de7e', '2025-08-07 15:13:57'),
('625', 'jazzberry jam', '#a50b5e', '2025-08-07 15:13:57'),
('626', 'jonquil', '#f4ca16', '2025-08-07 15:13:57'),
('627', 'jungle green', '#29ab87', '2025-08-07 15:13:57'),
('628', 'kelly green', '#4cbb17', '2025-08-07 15:13:57'),
('629', 'keppel', '#3ab09e', '2025-08-07 15:13:58'),
('630', 'key lime', '#e8f48c', '2025-08-07 15:13:58'),
('631', 'khaki1', '#fff68f', '2025-08-07 15:13:58'),
('632', 'khaki2', '#eee685', '2025-08-07 15:13:58'),
('633', 'khaki3', '#cdc673', '2025-08-07 15:13:58'),
('634', 'khaki4', '#8b864e', '2025-08-07 15:13:58'),
('635', 'kombu green', '#354230', '2025-08-07 15:13:58'),
('636', 'languid lavender', '#d6cadd', '2025-08-07 15:13:58'),
('637', 'lapis lazuli', '#26619c', '2025-08-07 15:13:58'),
('638', 'laser lemon', '#ffff66', '2025-08-07 15:13:58'),
('639', 'laurel green', '#a9ba9d', '2025-08-07 15:13:58'),
('640', 'lavender (floral)', '#b57edc', '2025-08-07 15:13:58'),
('641', 'lavender blue', '#ccccff', '2025-08-07 15:13:58'),
('642', 'lavender gray', '#c4c3d0', '2025-08-07 15:13:58'),
('643', 'lavenderblush1', '#fff0f5', '2025-08-07 15:13:58'),
('644', 'lavenderblush2', '#eee0e5', '2025-08-07 15:13:58'),
('645', 'lavenderblush3', '#cdc1c5', '2025-08-07 15:13:58'),
('646', 'lavenderblush4', '#8b8386', '2025-08-07 15:13:58'),
('647', 'lawngreen', '#7cfc00', '2025-08-07 15:13:58'),
('648', 'lemon curry', '#cca01d', '2025-08-07 15:13:58'),
('649', 'lemon glacier', '#fdff00', '2025-08-07 15:13:59'),
('650', 'lemon meringue', '#f6eabe', '2025-08-07 15:13:59'),
('651', 'lemonchiffon1', '#fffacd', '2025-08-07 15:13:59'),
('652', 'lemonchiffon2', '#eee9bf', '2025-08-07 15:13:59'),
('653', 'lemonchiffon3', '#cdc9a5', '2025-08-07 15:13:59'),
('654', 'lemonchiffon4', '#8b8970', '2025-08-07 15:13:59'),
('655', 'light', '#eedd82', '2025-08-07 15:13:59'),
('656', 'light cornflower blue', '#93ccea', '2025-08-07 15:13:59'),
('657', 'light french beige', '#c8ad7f', '2025-08-07 15:13:59'),
('658', 'light periwinkle', '#c5cbe1', '2025-08-07 15:13:59'),
('659', 'lightblue', '#add8e6', '2025-08-07 15:13:59'),
('660', 'lightblue1', '#bfefff', '2025-08-07 15:13:59'),
('661', 'lightblue2', '#b2dfee', '2025-08-07 15:13:59'),
('662', 'lightblue3', '#9ac0cd', '2025-08-07 15:13:59'),
('663', 'lightblue4', '#68838b', '2025-08-07 15:13:59'),
('664', 'lightcyan1', '#e0ffff', '2025-08-07 15:14:00'),
('665', 'lightcyan2', '#d1eeee', '2025-08-07 15:14:00'),
('666', 'lightcyan3', '#b4cdcd', '2025-08-07 15:14:00'),
('667', 'lightcyan4', '#7a8b8b', '2025-08-07 15:14:00'),
('668', 'lightgoldenrod1', '#ffec8b', '2025-08-07 15:14:00'),
('669', 'lightgoldenrod2', '#eedc82', '2025-08-07 15:14:00'),
('670', 'lightgoldenrod3', '#cdbe70', '2025-08-07 15:14:00'),
('671', 'lightgoldenrod4', '#8b814c', '2025-08-07 15:14:00'),
('672', 'lightgoldenrodyellow', '#fafad2', '2025-08-07 15:14:00'),
('673', 'lightgray', '#d3d3d3', '2025-08-07 15:14:00'),
('674', 'lightpink', '#ffb6c1', '2025-08-07 15:14:00'),
('675', 'lightpink1', '#ffaeb9', '2025-08-07 15:14:00'),
('676', 'lightpink2', '#eea2ad', '2025-08-07 15:14:00'),
('677', 'lightpink3', '#cd8c95', '2025-08-07 15:14:00'),
('678', 'lightpink4', '#8b5f65', '2025-08-07 15:14:00'),
('679', 'lightseagreen', '#20b2aa', '2025-08-07 15:14:00'),
('680', 'lightskyblue', '#87cefa', '2025-08-07 15:14:00'),
('681', 'lightskyblue1', '#b0e2ff', '2025-08-07 15:14:00'),
('682', 'lightskyblue2', '#a4d3ee', '2025-08-07 15:14:00'),
('683', 'lightskyblue3', '#8db6cd', '2025-08-07 15:14:00'),
('684', 'lightskyblue4', '#607b8b', '2025-08-07 15:14:00'),
('685', 'lightslateblue', '#8470ff', '2025-08-07 15:14:00'),
('686', 'lightslategray', '#778899', '2025-08-07 15:14:00'),
('687', 'lightsteelblue', '#b0c4de', '2025-08-07 15:14:00'),
('688', 'lightsteelblue1', '#cae1ff', '2025-08-07 15:14:01'),
('689', 'lightsteelblue2', '#bcd2ee', '2025-08-07 15:14:01'),
('690', 'lightsteelblue3', '#a2b5cd', '2025-08-07 15:14:01'),
('691', 'lightsteelblue4', '#6e7b8b', '2025-08-07 15:14:01'),
('692', 'lightyellow1', '#ffffe0', '2025-08-07 15:14:01'),
('693', 'lightyellow2', '#eeeed1', '2025-08-07 15:14:01'),
('694', 'lightyellow3', '#cdcdb4', '2025-08-07 15:14:01'),
('695', 'lightyellow4', '#8b8b7a', '2025-08-07 15:14:01'),
('696', 'lilac luster', '#ae98aa', '2025-08-07 15:14:02'),
('697', 'limegreen', '#32cd32', '2025-08-07 15:14:02'),
('698', 'lincoln green', '#195905', '2025-08-07 15:14:02'),
('699', 'little boy blue', '#6ca0dc', '2025-08-07 15:14:02'),
('700', 'msu green', '#18453b', '2025-08-07 15:14:02'),
('701', 'macaroni and cheese', '#ffbd88', '2025-08-07 15:14:02'),
('702', 'madder lake', '#cc3336', '2025-08-07 15:14:02'),
('703', 'magenta (crayola)', '#f653a6', '2025-08-07 15:14:02'),
('704', 'magenta (pantone)', '#d0417e', '2025-08-07 15:14:02'),
('705', 'magenta haze', '#9f4576', '2025-08-07 15:14:02'),
('706', 'magenta2', '#ee00ee', '2025-08-07 15:14:02'),
('707', 'magenta3', '#cd00cd', '2025-08-07 15:14:02'),
('708', 'magenta4', '#8b008b', '2025-08-07 15:14:02'),
('709', 'magic mint', '#aaf0d1', '2025-08-07 15:14:02'),
('710', 'majorelle blue', '#6050dc', '2025-08-07 15:14:02'),
('711', 'malachite', '#0bda51', '2025-08-07 15:14:02'),
('712', 'manatee', '#979aaa', '2025-08-07 15:14:02'),
('713', 'mandarin', '#f37a48', '2025-08-07 15:14:02'),
('714', 'mango', '#fdbe02', '2025-08-07 15:14:02'),
('715', 'mango tango', '#ff8243', '2025-08-07 15:14:03'),
('716', 'mantis', '#74c365', '2025-08-07 15:14:03'),
('717', 'marigold', '#eaa221', '2025-08-07 15:14:03'),
('718', 'mauve', '#e0b0ff', '2025-08-07 15:14:03'),
('719', 'mauve taupe', '#915f6d', '2025-08-07 15:14:03'),
('720', 'mauvelous', '#ef98aa', '2025-08-07 15:14:03'),
('721', 'maximum blue green', '#30bfbf', '2025-08-07 15:14:03'),
('722', 'maximum blue purple', '#acace6', '2025-08-07 15:14:03'),
('723', 'maximum green', '#5e8c31', '2025-08-07 15:14:03'),
('724', 'maximum blue', '#47abcc', '2025-08-07 15:14:03'),
('725', 'may green', '#4c9141', '2025-08-07 15:14:03'),
('726', 'maya blue', '#73c2fb', '2025-08-07 15:14:03'),
('727', 'medium', '#66cdaa', '2025-08-07 15:14:03'),
('728', 'medium aquamarine', '#66ddaa', '2025-08-07 15:14:03'),
('729', 'medium champagne', '#f3e5ab', '2025-08-07 15:14:03'),
('730', 'mediumaquamarine', '#66cdaa', '2025-08-07 15:14:03'),
('731', 'mediumblue', '#0000cd', '2025-08-07 15:14:03'),
('732', 'mediumorchid', '#ba55d3', '2025-08-07 15:14:03'),
('733', 'mediumorchid1', '#e066ff', '2025-08-07 15:14:03'),
('734', 'mediumorchid2', '#d15fee', '2025-08-07 15:14:03'),
('735', 'mediumorchid3', '#b452cd', '2025-08-07 15:14:03'),
('736', 'mediumorchid4', '#7a378b', '2025-08-07 15:14:03'),
('737', 'mediumpurple', '#9370db', '2025-08-07 15:14:03'),
('738', 'mediumpurple1', '#ab82ff', '2025-08-07 15:14:04'),
('739', 'mediumpurple2', '#9f79ee', '2025-08-07 15:14:04'),
('740', 'mediumpurple3', '#8968cd', '2025-08-07 15:14:04'),
('741', 'mediumpurple4', '#5d478b', '2025-08-07 15:14:04'),
('742', 'mediumseagreen', '#3cb371', '2025-08-07 15:14:04'),
('743', 'mediumslateblue', '#7b68ee', '2025-08-07 15:14:04'),
('744', 'mediumspringgreen', '#00fa9a', '2025-08-07 15:14:04'),
('745', 'mediumturquoise', '#48d1cc', '2025-08-07 15:14:05'),
('746', 'mediumvioletred', '#c71585', '2025-08-07 15:14:05'),
('747', 'mellow apricot', '#f8b878', '2025-08-07 15:14:05'),
('748', 'melon', '#febaad', '2025-08-07 15:14:05'),
('749', 'metallic seaweed', '#0a7e8c', '2025-08-07 15:14:05'),
('750', 'metallic sunburst', '#9c7c38', '2025-08-07 15:14:05'),
('751', 'mexican pink', '#e4007c', '2025-08-07 15:14:05'),
('752', 'middle blue', '#7ed4e6', '2025-08-07 15:14:05'),
('753', 'middle blue green', '#8dd9cc', '2025-08-07 15:14:05'),
('754', 'middle blue purple', '#8b72be', '2025-08-07 15:14:05'),
('755', 'middle green', '#4d8c57', '2025-08-07 15:14:05'),
('756', 'middle green yellow', '#acbf60', '2025-08-07 15:14:05'),
('757', 'middle grey', '#8b8680', '2025-08-07 15:14:05'),
('758', 'middle purple', '#d982b5', '2025-08-07 15:14:05'),
('759', 'middle red', '#e58e73', '2025-08-07 15:14:06'),
('760', 'middle red purple', '#a55353', '2025-08-07 15:14:06'),
('761', 'middle yellow', '#ffeb00', '2025-08-07 15:14:06'),
('762', 'middle yellow red', '#ecb176', '2025-08-07 15:14:06'),
('763', 'midnight green', '#004953', '2025-08-07 15:14:06'),
('764', 'midnightblue', '#191970', '2025-08-07 15:14:06'),
('765', 'mikado yellow', '#ffc40c', '2025-08-07 15:14:06'),
('766', 'mimi pink', '#ffdae9', '2025-08-07 15:14:06'),
('767', 'mindaro', '#e3f988', '2025-08-07 15:14:06'),
('768', 'minion yellow', '#f5e050', '2025-08-07 15:14:06'),
('769', 'mint green', '#98ff98', '2025-08-07 15:14:06'),
('770', 'mintcream', '#f5fffa', '2025-08-07 15:14:06'),
('771', 'misty moss', '#bbb477', '2025-08-07 15:14:06'),
('772', 'mistyrose1', '#ffe4e1', '2025-08-07 15:14:06'),
('773', 'mistyrose2', '#eed5d2', '2025-08-07 15:14:06'),
('774', 'mistyrose3', '#cdb7b5', '2025-08-07 15:14:06'),
('775', 'mistyrose4', '#8b7d7b', '2025-08-07 15:14:06'),
('776', 'moccasin', '#ffe4b5', '2025-08-07 15:14:06'),
('777', 'mode beige', '#967117', '2025-08-07 15:14:06'),
('778', 'moss green', '#8a9a5b', '2025-08-07 15:14:06'),
('779', 'mountain meadow', '#30ba8f', '2025-08-07 15:14:07'),
('780', 'mountbatten pink', '#997a8d', '2025-08-07 15:14:07'),
('781', 'mulberry', '#c54b8c', '2025-08-07 15:14:07'),
('782', 'myrtle green', '#317873', '2025-08-07 15:14:07'),
('783', 'mystic maroon', '#ad4379', '2025-08-07 15:14:07'),
('784', 'nadeshiko pink', '#f6adc6', '2025-08-07 15:14:07'),
('785', 'navajowhite1', '#ffdead', '2025-08-07 15:14:07'),
('786', 'navajowhite2', '#eecfa1', '2025-08-07 15:14:07'),
('787', 'navajowhite3', '#cdb38b', '2025-08-07 15:14:07'),
('788', 'navajowhite4', '#8b795e', '2025-08-07 15:14:07'),
('789', 'navyblue', '#000080', '2025-08-07 15:14:07'),
('790', 'neon blue', '#4666ff', '2025-08-07 15:14:07'),
('791', 'neon carrot', '#ffa343', '2025-08-07 15:14:07'),
('792', 'neon fuchsia', '#fe4164', '2025-08-07 15:14:08'),
('793', 'neon green', '#39ff14', '2025-08-07 15:14:08'),
('794', 'nickel', '#727472', '2025-08-07 15:14:08'),
('795', 'nyanza', '#e9ffdb', '2025-08-07 15:14:08'),
('796', 'ocean blue', '#4f42b5', '2025-08-07 15:14:08'),
('797', 'ocean green', '#48bf91', '2025-08-07 15:14:08'),
('798', 'ochre', '#cc7722', '2025-08-07 15:14:08'),
('799', 'old burgundy', '#43302e', '2025-08-07 15:14:08'),
('800', 'old lavender', '#796878', '2025-08-07 15:14:08'),
('801', 'old mauve', '#673147', '2025-08-07 15:14:08'),
('802', 'old rose', '#c08081', '2025-08-07 15:14:08'),
('803', 'oldlace', '#fdf5e6', '2025-08-07 15:14:08'),
('804', 'olive green', '#b5b35c', '2025-08-07 15:14:08'),
('805', 'olivedrab', '#6b8e23', '2025-08-07 15:14:08'),
('806', 'olivedrab1', '#c0ff3e', '2025-08-07 15:14:09'),
('807', 'olivedrab2', '#b3ee3a', '2025-08-07 15:14:09'),
('808', 'olivedrab4', '#698b22', '2025-08-07 15:14:09'),
('809', 'olivine', '#9ab973', '2025-08-07 15:14:09'),
('810', 'opal', '#a8c3bc', '2025-08-07 15:14:09'),
('811', 'opera maue', '#b784a7', '2025-08-07 15:14:09'),
('812', 'orange (crayola)', '#ff5800', '2025-08-07 15:14:09'),
('813', 'orange peel', '#ff9f00', '2025-08-07 15:14:09'),
('814', 'orange soda', '#fa5b3d', '2025-08-07 15:14:09'),
('815', 'orange2', '#ee9a00', '2025-08-07 15:14:09'),
('816', 'orange3', '#cd8500', '2025-08-07 15:14:09'),
('817', 'orange4', '#8b5a00', '2025-08-07 15:14:09'),
('818', 'orangered1', '#ff4500', '2025-08-07 15:14:09'),
('819', 'orangered2', '#ee4000', '2025-08-07 15:14:09'),
('820', 'orangered3', '#cd3700', '2025-08-07 15:14:09'),
('821', 'orangered4', '#8b2500', '2025-08-07 15:14:09'),
('822', 'orchid', '#da70d6', '2025-08-07 15:14:09'),
('823', 'orchid (crayola)', '#e29cd2', '2025-08-07 15:14:09'),
('824', 'orchid pink', '#f2bdcd', '2025-08-07 15:14:09'),
('825', 'orchid1', '#ff83fa', '2025-08-07 15:14:10'),
('826', 'orchid2', '#ee7ae9', '2025-08-07 15:14:10'),
('827', 'orchid3', '#cd69c9', '2025-08-07 15:14:10'),
('828', 'orchid4', '#8b4789', '2025-08-07 15:14:10'),
('829', 'outrageous orange', '#ff6e4a', '2025-08-07 15:14:10'),
('830', 'oxford blue', '#002147', '2025-08-07 15:14:10'),
('831', 'pacific blue', '#1ca9c9', '2025-08-07 15:14:10'),
('832', 'palatinate purple', '#682860', '2025-08-07 15:14:10'),
('833', 'pale', '#db7093', '2025-08-07 15:14:10'),
('834', 'pale aqua', '#bcd4e6', '2025-08-07 15:14:10'),
('835', 'pale cerulean', '#9bc4e2', '2025-08-07 15:14:10'),
('836', 'pale pink', '#fadadd', '2025-08-07 15:14:10'),
('837', 'pale silver', '#c9c0bb', '2025-08-07 15:14:10'),
('838', 'pale spring bud', '#ecebbd', '2025-08-07 15:14:10'),
('839', 'palegoldenrod', '#eee8aa', '2025-08-07 15:14:10'),
('840', 'palegreen', '#98fb98', '2025-08-07 15:14:10'),
('841', 'palegreen1', '#9aff9a', '2025-08-07 15:14:10'),
('842', 'palegreen2', '#90ee90', '2025-08-07 15:14:10'),
('843', 'palegreen3', '#7ccd7c', '2025-08-07 15:14:10'),
('844', 'palegreen4', '#548b54', '2025-08-07 15:14:10'),
('845', 'paleturquoise', '#afeeee', '2025-08-07 15:14:10'),
('846', 'paleturquoise1', '#bbffff', '2025-08-07 15:14:10'),
('847', 'paleturquoise2', '#aeeeee', '2025-08-07 15:14:10'),
('848', 'paleturquoise3', '#96cdcd', '2025-08-07 15:14:10'),
('849', 'paleturquoise4', '#668b8b', '2025-08-07 15:14:10'),
('850', 'palevioletred', '#db7093', '2025-08-07 15:14:11'),
('851', 'palevioletred1', '#ff82ab', '2025-08-07 15:14:11'),
('852', 'palevioletred2', '#ee799f', '2025-08-07 15:14:11'),
('853', 'palevioletred3', '#cd6889', '2025-08-07 15:14:11'),
('854', 'palevioletred4', '#8b475d', '2025-08-07 15:14:11'),
('855', 'pansy purple', '#78184a', '2025-08-07 15:14:11'),
('856', 'papayawhip', '#ffefd5', '2025-08-07 15:14:11'),
('857', 'paradise pink', '#e63e62', '2025-08-07 15:14:11'),
('858', 'pastel pink', '#dea5a4', '2025-08-07 15:14:11'),
('859', 'patriarch (purple)', '#800080', '2025-08-07 15:14:11'),
('860', 'peachpuff1', '#ffdab9', '2025-08-07 15:14:11'),
('861', 'peachpuff2', '#eecbad', '2025-08-07 15:14:11'),
('862', 'peachpuff3', '#cdaf95', '2025-08-07 15:14:11'),
('863', 'peachpuff4', '#8b7765', '2025-08-07 15:14:11'),
('864', 'pear', '#d1e231', '2025-08-07 15:14:11'),
('865', 'pearly purple', '#b768a2', '2025-08-07 15:14:11'),
('866', 'persian blue', '#1c39bb', '2025-08-07 15:14:11'),
('867', 'persian green', '#00a693', '2025-08-07 15:14:11'),
('868', 'persian indigo', '#32127a', '2025-08-07 15:14:12'),
('869', 'persian orange', '#d99058', '2025-08-07 15:14:12'),
('870', 'persian pink', '#f77fbe', '2025-08-07 15:14:12'),
('871', 'persian plum', '#701c1c', '2025-08-07 15:14:12'),
('872', 'persian rose', '#fe28a2', '2025-08-07 15:14:12'),
('873', 'pewter blue', '#8ba8b7', '2025-08-07 15:14:12'),
('874', 'phthalo blue', '#000f89', '2025-08-07 15:14:12'),
('875', 'phthalo green', '#123524', '2025-08-07 15:14:12'),
('876', 'pictorial carmine', '#c30b4e', '2025-08-07 15:14:12'),
('877', 'piggy pink', '#fddde6', '2025-08-07 15:14:12'),
('878', 'pine green', '#01796f', '2025-08-07 15:14:12'),
('879', 'pine tree', '#2a2f23', '2025-08-07 15:14:12'),
('880', 'pink (pantone)', '#d74894', '2025-08-07 15:14:12'),
('881', 'pink flamingo', '#fc74fd', '2025-08-07 15:14:12'),
('882', 'pink sherbet', '#f78fa7', '2025-08-07 15:14:12'),
('883', 'pink1', '#ffb5c5', '2025-08-07 15:14:12'),
('884', 'pink2', '#eea9b8', '2025-08-07 15:14:13'),
('885', 'pink3', '#cd919e', '2025-08-07 15:14:13'),
('886', 'pink4', '#8b636c', '2025-08-07 15:14:13'),
('887', 'pistachio', '#93c572', '2025-08-07 15:14:13'),
('888', 'platinum', '#e5e4e2', '2025-08-07 15:14:13'),
('889', 'plum1', '#ffbbff', '2025-08-07 15:14:13'),
('890', 'plum2', '#eeaeee', '2025-08-07 15:14:13'),
('891', 'plum3', '#cd96cd', '2025-08-07 15:14:13'),
('892', 'plum4', '#8b668b', '2025-08-07 15:14:13'),
('893', 'plump purple', '#5946b2', '2025-08-07 15:14:13'),
('894', 'portland orange', '#ff5a36', '2025-08-07 15:14:13'),
('895', 'powderblue', '#b0e0e6', '2025-08-07 15:14:13'),
('896', 'prussian blue', '#003153', '2025-08-07 15:14:13'),
('897', 'puce', '#cc8899', '2025-08-07 15:14:13'),
('898', 'pumpkin', '#ff7518', '2025-08-07 15:14:13'),
('899', 'purple1', '#9b30ff', '2025-08-07 15:14:14'),
('900', 'purple2', '#912cee', '2025-08-07 15:14:14'),
('901', 'purple3', '#7d26cd', '2025-08-07 15:14:14'),
('902', 'purple4', '#551a8b', '2025-08-07 15:14:14'),
('903', 'quinacridone magenta', '#8e3a59', '2025-08-07 15:14:14'),
('904', 'rebeccapurple', '#663399', '2025-08-07 15:14:14'),
('905', 'rifle green', '#444c38', '2025-08-07 15:14:14'),
('906', 'rocket metallic', '#8a7f80', '2025-08-07 15:14:14'),
('907', 'rose bonbon', '#f9429e', '2025-08-07 15:14:14'),
('908', 'rose dust', '#9e5e6f', '2025-08-07 15:14:14'),
('909', 'rose pink', '#ff66cc', '2025-08-07 15:14:14'),
('910', 'rose taupe', '#905d5d', '2025-08-07 15:14:14'),
('911', 'rosewood', '#65000b', '2025-08-07 15:14:14'),
('912', 'royalblue', '#4169e1', '2025-08-07 15:14:14'),
('913', 'royalblue1', '#4876ff', '2025-08-07 15:14:14'),
('914', 'royalblue2', '#436eee', '2025-08-07 15:14:14'),
('915', 'royalblue3', '#3a5fcd', '2025-08-07 15:14:14'),
('916', 'royalblue4', '#27408b', '2025-08-07 15:14:14'),
('917', 'russet', '#80461b', '2025-08-07 15:14:14'),
('918', 'russian green', '#679267', '2025-08-07 15:14:14'),
('919', 'russian violet', '#32174d', '2025-08-07 15:14:14'),
('920', 'saddlebrown', '#8b4513', '2025-08-07 15:14:15'),
('921', 'saffron', '#f4c430', '2025-08-07 15:14:15'),
('922', 'sandybrown', '#f4a460', '2025-08-07 15:14:15'),
('923', 'sap green', '#507d2a', '2025-08-07 15:14:15'),
('924', 'school bus yellow', '#ffd800', '2025-08-07 15:14:15'),
('925', 'seagreen1', '#54ff9f', '2025-08-07 15:14:15'),
('926', 'seagreen2', '#4eee94', '2025-08-07 15:14:15'),
('927', 'seagreen3', '#43cd80', '2025-08-07 15:14:15'),
('928', 'seagreen4', '#2e8b57', '2025-08-07 15:14:15'),
('929', 'seal brown', '#59260b', '2025-08-07 15:14:15'),
('930', 'seashell1', '#fff5ee', '2025-08-07 15:14:15'),
('931', 'seashell2', '#eee5de', '2025-08-07 15:14:15'),
('932', 'seashell3', '#cdc5bf', '2025-08-07 15:14:15'),
('933', 'seashell4', '#8b8682', '2025-08-07 15:14:15'),
('934', 'selective yellow', '#ffba00', '2025-08-07 15:14:15'),
('935', 'sepia', '#704214', '2025-08-07 15:14:15'),
('936', 'shamrock green', '#009e60', '2025-08-07 15:14:15'),
('937', 'shocking pink', '#fc0fc0', '2025-08-07 15:14:15'),
('938', 'sienna1', '#ff8247', '2025-08-07 15:14:15'),
('939', 'sienna2', '#ee7942', '2025-08-07 15:14:16'),
('940', 'sienna3', '#cd6839', '2025-08-07 15:14:16'),
('941', 'sienna4', '#8b4726', '2025-08-07 15:14:16'),
('942', 'silver pink', '#c4aead', '2025-08-07 15:14:16'),
('943', 'sinopia', '#cb410b', '2025-08-07 15:14:16'),
('944', 'skobeloff', '#007474', '2025-08-07 15:14:16'),
('945', 'skyblue', '#87ceeb', '2025-08-07 15:14:16'),
('946', 'skyblue1', '#87ceff', '2025-08-07 15:14:16'),
('947', 'skyblue2', '#7ec0ee', '2025-08-07 15:14:16'),
('948', 'skyblue3', '#6ca6cd', '2025-08-07 15:14:16'),
('949', 'skyblue4', '#4a708b', '2025-08-07 15:14:16'),
('950', 'slateblue', '#6a5acd', '2025-08-07 15:14:16'),
('951', 'slateblue1', '#836fff', '2025-08-07 15:14:16'),
('952', 'slateblue2', '#7a67ee', '2025-08-07 15:14:16'),
('953', 'slateblue3', '#6959cd', '2025-08-07 15:14:16'),
('954', 'slateblue4', '#473c8b', '2025-08-07 15:14:16'),
('955', 'slategray', '#708090', '2025-08-07 15:14:16'),
('956', 'slategray1', '#c6e2ff', '2025-08-07 15:14:16'),
('957', 'slategray2', '#b9d3ee', '2025-08-07 15:14:16'),
('958', 'slategray3', '#9fb6cd', '2025-08-07 15:14:16'),
('959', 'slategray4', '#6c7b8b', '2025-08-07 15:14:16'),
('960', 'smoky black', '#100c08', '2025-08-07 15:14:16'),
('961', 'snow1', '#fffafa', '2025-08-07 15:14:16'),
('962', 'snow2', '#eee9e9', '2025-08-07 15:14:16'),
('963', 'snow3', '#cdc9c9', '2025-08-07 15:14:16'),
('964', 'snow4', '#8b8989', '2025-08-07 15:14:16'),
('965', 'spanish bistre', '#807532', '2025-08-07 15:14:16'),
('966', 'spanish orange', '#e86100', '2025-08-07 15:14:16'),
('967', 'spanish pink', '#f7bfbe', '2025-08-07 15:14:17'),
('968', 'spanish viridian', '#007f5c', '2025-08-07 15:14:17'),
('969', 'spring bud', '#a7fc00', '2025-08-07 15:14:17'),
('970', 'spring frost', '#87ff2a', '2025-08-07 15:14:17'),
('971', 'springgreen1', '#00ff7f', '2025-08-07 15:14:17'),
('972', 'springgreen2', '#00ee76', '2025-08-07 15:14:17'),
('973', 'springgreen3', '#00cd66', '2025-08-07 15:14:17'),
('974', 'springgreen4', '#008b45', '2025-08-07 15:14:17'),
('975', 'steel pink', '#cc33cc', '2025-08-07 15:14:17'),
('976', 'steelblue', '#4682b4', '2025-08-07 15:14:17'),
('977', 'steelblue1', '#63b8ff', '2025-08-07 15:14:17'),
('978', 'steelblue2', '#5cacee', '2025-08-07 15:14:17'),
('979', 'steelblue3', '#4f94cd', '2025-08-07 15:14:17'),
('980', 'steelblue4', '#36648b', '2025-08-07 15:14:17'),
('981', 'straw', '#e4d96f', '2025-08-07 15:14:17'),
('982', 'sunglow', '#ffcc33', '2025-08-07 15:14:17'),
('983', 'super pink', '#cf6ba9', '2025-08-07 15:14:17'),
('984', 'sweet brown', '#a83731', '2025-08-07 15:14:17'),
('985', 'tan1', '#ffa54f', '2025-08-07 15:14:17'),
('986', 'tan2', '#ee9a49', '2025-08-07 15:14:18'),
('987', 'tan3', '#cd853f', '2025-08-07 15:14:18'),
('988', 'tan4', '#8b5a2b', '2025-08-07 15:14:18'),
('989', 'tart orange', '#fb4d46', '2025-08-07 15:14:18'),
('990', 'taupe gray', '#8b8589', '2025-08-07 15:14:18'),
('991', 'tea green', '#d0f0c0', '2025-08-07 15:14:18'),
('992', 'teal blue', '#367588', '2025-08-07 15:14:18'),
('993', 'terra cotta', '#e2725b', '2025-08-07 15:14:18'),
('994', 'thistle', '#d8bfd8', '2025-08-07 15:14:18'),
('995', 'thistle1', '#ffe1ff', '2025-08-07 15:14:18'),
('996', 'thistle2', '#eed2ee', '2025-08-07 15:14:18'),
('997', 'thistle3', '#cdb5cd', '2025-08-07 15:14:18'),
('998', 'thistle4', '#8b7b8b', '2025-08-07 15:14:18'),
('999', 'tiffany blue', '#0abab5', '2025-08-07 15:14:18'),
('1000', 'timberwolf', '#dbd7d2', '2025-08-07 15:14:18'),
('1001', 'titanium yellow', '#eee600', '2025-08-07 15:14:19'),
('1002', 'tropical rainforest', '#00755e', '2025-08-07 15:14:19'),
('1003', 'tumbleweed', '#deaa88', '2025-08-07 15:14:19'),
('1004', 'turquoise blue', '#00ffef', '2025-08-07 15:14:19'),
('1005', 'turquoise1', '#00f5ff', '2025-08-07 15:14:19'),
('1006', 'turquoise2', '#00e5ee', '2025-08-07 15:14:19'),
('1007', 'turquoise3', '#00c5cd', '2025-08-07 15:14:19'),
('1008', 'turquoise4', '#00868b', '2025-08-07 15:14:19'),
('1009', 'tuscany', '#c09999', '2025-08-07 15:14:19'),
('1010', 'twilight lavender', '#8a496b', '2025-08-07 15:14:19'),
('1011', 'tyrian purple', '#66023c', '2025-08-07 15:14:19'),
('1012', 'up forest green', '#014421', '2025-08-07 15:14:19'),
('1013', 'up maroon', '#7b1113', '2025-08-07 15:14:19'),
('1014', 'ultra pink', '#ff6fff', '2025-08-07 15:14:19'),
('1015', 'ultramarine', '#3f00ff', '2025-08-07 15:14:19'),
('1016', 'ultramarine blue', '#4166f5', '2025-08-07 15:14:19'),
('1017', 'unbleached silk', '#ffddca', '2025-08-07 15:14:19'),
('1018', 'united nations blue', '#5b92e5', '2025-08-07 15:14:19'),
('1019', 'van dyke brown', '#664228', '2025-08-07 15:14:19'),
('1020', 'vanilla ice', '#f38fa9', '2025-08-07 15:14:20'),
('1021', 'vegas gold', '#c5b358', '2025-08-07 15:14:20'),
('1022', 'verdigris', '#43b3ae', '2025-08-07 15:14:20'),
('1023', 'vermillion', '#e34234', '2025-08-07 15:14:20'),
('1024', 'violetred', '#d02090', '2025-08-07 15:14:20'),
('1025', 'violetred1', '#ff3e96', '2025-08-07 15:14:20'),
('1026', 'violetred2', '#ee3a8c', '2025-08-07 15:14:20'),
('1027', 'violetred3', '#cd3278', '2025-08-07 15:14:20'),
('1028', 'violetred4', '#8b2252', '2025-08-07 15:14:20'),
('1029', 'viridian', '#40826d', '2025-08-07 15:14:20'),
('1030', 'viridian green', '#009698', '2025-08-07 15:14:20'),
('1031', 'vivid sky blue', '#00ccff', '2025-08-07 15:14:21'),
('1032', 'vivid tangerine', '#ffa089', '2025-08-07 15:14:21'),
('1033', 'vivid violet', '#9f00ff', '2025-08-07 15:14:21'),
('1034', 'volt', '#ceff00', '2025-08-07 15:14:21'),
('1035', 'warm black', '#004242', '2025-08-07 15:14:21'),
('1036', 'wheat1', '#ffe7ba', '2025-08-07 15:14:21'),
('1037', 'wheat2', '#eed8ae', '2025-08-07 15:14:21'),
('1038', 'wheat3', '#cdba96', '2025-08-07 15:14:21'),
('1039', 'wheat4', '#8b7e66', '2025-08-07 15:14:21'),
('1040', 'whitesmoke', '#f5f5f5', '2025-08-07 15:14:21'),
('1041', 'wild blue yonder', '#a2add0', '2025-08-07 15:14:21'),
('1042', 'wild orchid', '#d470a2', '2025-08-07 15:14:21'),
('1043', 'wild strawberry', '#ff43a4', '2025-08-07 15:14:21'),
('1044', 'windsor tan', '#a75502', '2025-08-07 15:14:21'),
('1045', 'wintergreen dream', '#56887d', '2025-08-07 15:14:21'),
('1046', 'wisteria', '#c9a0dc', '2025-08-07 15:14:21'),
('1047', 'xanadu', '#738678', '2025-08-07 15:14:22'),
('1048', 'yellow orange', '#ffae42', '2025-08-07 15:14:22'),
('1049', 'yellow pantone', '#fedf00', '2025-08-07 15:14:22'),
('1050', 'yellow2', '#eeee00', '2025-08-07 15:14:22'),
('1051', 'yellow3', '#cdcd00', '2025-08-07 15:14:22'),
('1052', 'yellow4', '#8b8b00', '2025-08-07 15:14:22'),
('1053', 'yellowgreen', '#9acd32', '2025-08-07 15:14:22'),
('1054', 'zaffre', '#0014a8', '2025-08-07 15:14:22'),
('1055', 'zomp', '#39a78e', '2025-08-07 15:14:22');

CREATE TABLE `feedback` (
  `id` int(11) NOT NULL AUTO_INCREMENT,
  `customer_name` varchar(255) NOT NULL,
  `customer_email` varchar(255) NOT NULL,
  `customer_phone` varchar(50) DEFAULT NULL,
  `subject` varchar(255) NOT NULL,
  `message` text NOT NULL,
  `category` enum('general','product','service','website','suggestion','complaint','other') DEFAULT 'general',
  `rating` tinyint(4) DEFAULT NULL CHECK (`rating` >= 1 and `rating` <= 5),
  `status` enum('new','read','responded','closed') DEFAULT 'new',
  `priority` enum('low','medium','high','urgent') DEFAULT 'medium',
  `assigned_to` int(11) DEFAULT NULL,
  `created_by` int(11) DEFAULT NULL,
  `created_at` timestamp NOT NULL DEFAULT current_timestamp(),
  `updated_at` timestamp NOT NULL DEFAULT current_timestamp() ON UPDATE current_timestamp(),
  `responded_at` timestamp NULL DEFAULT NULL,
  `response_notes` text DEFAULT NULL,
  `is_public` tinyint(1) DEFAULT 0,
  `source` varchar(100) DEFAULT 'website',
  PRIMARY KEY (`id`),
  KEY `created_by` (`created_by`),
  KEY `idx_feedback_status` (`status`),
  KEY `idx_feedback_category` (`category`),
  KEY `idx_feedback_created_at` (`created_at`),
  KEY `idx_feedback_customer_email` (`customer_email`),
  KEY `idx_feedback_assigned_to` (`assigned_to`),
  CONSTRAINT `feedback_ibfk_1` FOREIGN KEY (`assigned_to`) REFERENCES `admin_users` (`id`) ON DELETE SET NULL,
  CONSTRAINT `feedback_ibfk_2` FOREIGN KEY (`created_by`) REFERENCES `admin_users` (`id`) ON DELETE SET NULL
) ENGINE=InnoDB DEFAULT CHARSET=utf8mb4 COLLATE=utf8mb4_general_ci;

CREATE TABLE `feedback_categories` (
  `id` int(11) NOT NULL AUTO_INCREMENT,
  `name` varchar(100) NOT NULL,
  `description` text DEFAULT NULL,
  `color` varchar(7) DEFAULT '#007bff',
  `is_active` tinyint(1) DEFAULT 1,
  `created_at` timestamp NOT NULL DEFAULT current_timestamp(),
  PRIMARY KEY (`id`),
  UNIQUE KEY `name` (`name`)
) ENGINE=InnoDB AUTO_INCREMENT=8 DEFAULT CHARSET=utf8mb4 COLLATE=utf8mb4_general_ci;

INSERT INTO `feedback_categories` (`id`, `name`, `description`, `color`, `is_active`, `created_at`) VALUES
('1', 'General', 'General feedback and comments', '#007bff', '1', '2025-09-06 00:51:40'),
('2', 'Product', 'Feedback about products', '#28a745', '1', '2025-09-06 00:51:40'),
('3', 'Service', 'Feedback about customer service', '#ffc107', '1', '2025-09-06 00:51:40'),
('4', 'Website', 'Feedback about website functionality', '#dc3545', '1', '2025-09-06 00:51:40'),
('5', 'Suggestion', 'Suggestions for improvement', '#17a2b8', '1', '2025-09-06 00:51:40'),
('6', 'Complaint', 'Customer complaints', '#fd7e14', '1', '2025-09-06 00:51:40'),
('7', 'Other', 'Other types of feedback', '#6c757d', '1', '2025-09-06 00:51:40');

CREATE TABLE `feedback_responses` (
  `id` int(11) NOT NULL AUTO_INCREMENT,
  `feedback_id` int(11) NOT NULL,
  `response_text` text NOT NULL,
  `responded_by` int(11) NOT NULL,
  `responded_by_type` enum('admin','system') DEFAULT 'admin',
  `is_internal` tinyint(1) DEFAULT 0,
  `created_at` timestamp NOT NULL DEFAULT current_timestamp(),
  PRIMARY KEY (`id`),
  KEY `responded_by` (`responded_by`),
  KEY `idx_feedback_responses_feedback_id` (`feedback_id`),
  CONSTRAINT `feedback_responses_ibfk_1` FOREIGN KEY (`feedback_id`) REFERENCES `feedback` (`id`) ON DELETE CASCADE,
  CONSTRAINT `feedback_responses_ibfk_2` FOREIGN KEY (`responded_by`) REFERENCES `admin_users` (`id`) ON DELETE CASCADE
) ENGINE=InnoDB DEFAULT CHARSET=utf8mb4 COLLATE=utf8mb4_general_ci;

CREATE TABLE `inventory_transactions` (
  `id` int(11) NOT NULL AUTO_INCREMENT,
  `product_id` int(11) DEFAULT NULL,
  `transaction_type` enum('in','out','adjustment') NOT NULL,
  `quantity` int(11) NOT NULL,
  `previous_stock` int(11) NOT NULL,
  `new_stock` int(11) NOT NULL,
  `reason` varchar(255) DEFAULT NULL,
  `reference_id` varchar(50) DEFAULT NULL,
  `created_by` int(11) DEFAULT NULL,
  `created_at` timestamp NOT NULL DEFAULT current_timestamp(),
  PRIMARY KEY (`id`),
  KEY `product_id` (`product_id`),
  CONSTRAINT `inventory_transactions_ibfk_1` FOREIGN KEY (`product_id`) REFERENCES `products` (`product_id`) ON DELETE CASCADE
) ENGINE=InnoDB AUTO_INCREMENT=26 DEFAULT CHARSET=utf8mb4 COLLATE=utf8mb4_general_ci;

INSERT INTO `inventory_transactions` (`id`, `product_id`, `transaction_type`, `quantity`, `previous_stock`, `new_stock`, `reason`, `reference_id`, `created_by`, `created_at`) VALUES
('1', '1', 'adjustment', '13', '0', '13', 'Initial inventory setup', '', NULL, '2025-08-08 14:08:04'),
('2', '2', 'adjustment', '36', '0', '36', 'Initial inventory setup', '', NULL, '2025-08-08 14:08:04'),
('3', '3', 'adjustment', '45', '0', '45', 'Initial inventory setup', '', NULL, '2025-08-08 14:08:04'),
('4', '6', 'adjustment', '20', '0', '20', 'Initial inventory setup', '', NULL, '2025-08-08 14:08:04'),
('5', '7', 'adjustment', '11', '0', '11', 'Initial inventory setup', '', NULL, '2025-08-08 14:08:04'),
('6', '8', 'adjustment', '45', '0', '45', 'Initial inventory setup', '', NULL, '2025-08-08 14:08:04'),
('7', '9', 'adjustment', '28', '0', '28', 'Initial inventory setup', '', NULL, '2025-08-08 14:08:04'),
('8', '10', 'adjustment', '27', '0', '27', 'Initial inventory setup', '', NULL, '2025-08-08 14:08:04'),
('9', '11', 'adjustment', '28', '0', '28', 'Initial inventory setup', '', NULL, '2025-08-08 14:08:04'),
('10', '3', 'out', '20', '45', '25', '', '', NULL, '2025-08-08 22:08:41'),
('11', '3', 'adjustment', '5', '25', '5', 'initial amount', '', NULL, '2025-08-08 22:13:01'),
('14', '11', 'adjustment', '6', '28', '6', '', '', NULL, '2025-08-22 01:06:21'),
('15', '10', '', '7', '27', '20', 'Sold to  (Order #32)', NULL, NULL, '2025-08-22 02:15:04'),
('16', '10', '', '2', '20', '18', 'Sold to  (Order #32)', NULL, NULL, '2025-08-22 02:15:04'),
('17', '10', '', '1', '18', '17', 'Sold to  (Order #32)', NULL, NULL, '2025-08-22 02:15:04'),
('18', '9', '', '4', '28', '24', 'Sold to  (Order #33)', NULL, NULL, '2025-08-22 02:32:37'),
('19', '9', '', '4', '24', '20', 'Sold to  (Order #33)', NULL, NULL, '2025-08-22 02:32:37'),
('20', '10', '', '5', '17', '12', 'Sold to Unknown Customer (Order #35)', NULL, NULL, '2025-08-22 02:51:55'),
('21', '12', 'adjustment', '7', '0', '7', 'Initial stock quantity on product creation', '', NULL, '2025-09-05 01:10:45'),
('23', '3', 'in', '3', '5', '8', '', '', NULL, '2025-09-05 01:24:14'),
('24', '10', 'out', '-3', '12', '15', '', '', NULL, '2025-09-05 05:13:08');

CREATE TABLE `ip_blocks` (
  `id` int(11) NOT NULL AUTO_INCREMENT,
  `ip_address` varchar(45) NOT NULL,
  `block_type` enum('manual','automatic','rate_limit') DEFAULT 'manual',
  `reason` text DEFAULT NULL,
  `blocked_by` int(11) DEFAULT NULL,
  `blocked_at` timestamp NOT NULL DEFAULT current_timestamp(),
  `expires_at` timestamp NULL DEFAULT NULL,
  `is_active` tinyint(1) DEFAULT 1,
  PRIMARY KEY (`id`),
  UNIQUE KEY `ip_address` (`ip_address`),
  KEY `idx_ip_address` (`ip_address`),
  KEY `idx_block_type` (`block_type`),
  KEY `idx_is_active` (`is_active`),
  KEY `idx_expires_at` (`expires_at`)
) ENGINE=InnoDB DEFAULT CHARSET=utf8mb4 COLLATE=utf8mb4_general_ci;

CREATE TABLE `ip_whitelist` (
  `id` int(11) NOT NULL AUTO_INCREMENT,
  `ip_address` varchar(45) NOT NULL,
  `description` text DEFAULT NULL,
  `added_by` int(11) DEFAULT NULL,
  `added_at` timestamp NOT NULL DEFAULT current_timestamp(),
  `is_active` tinyint(1) DEFAULT 1,
  PRIMARY KEY (`id`),
  UNIQUE KEY `ip_address` (`ip_address`),
  KEY `idx_ip_address` (`ip_address`),
  KEY `idx_is_active` (`is_active`)
) ENGINE=InnoDB DEFAULT CHARSET=utf8mb4 COLLATE=utf8mb4_general_ci;

CREATE TABLE `login_attempts` (
  `id` int(11) NOT NULL AUTO_INCREMENT,
  `username` varchar(255) NOT NULL,
  `ip_address` varchar(45) NOT NULL,
  `user_agent` text DEFAULT NULL,
  `attempt_time` timestamp NOT NULL DEFAULT current_timestamp(),
  `status` enum('success','failed','locked') NOT NULL DEFAULT 'failed',
  `failure_reason` varchar(255) DEFAULT NULL,
  `location` varchar(255) DEFAULT NULL,
  `device_info` text DEFAULT NULL,
  PRIMARY KEY (`id`),
  KEY `idx_username` (`username`),
  KEY `idx_ip_address` (`ip_address`),
  KEY `idx_attempt_time` (`attempt_time`),
  KEY `idx_status` (`status`),
  KEY `idx_login_attempts_username_time` (`username`,`attempt_time`),
  KEY `idx_login_attempts_ip_time` (`ip_address`,`attempt_time`),
  KEY `idx_login_attempts_username` (`username`),
  KEY `idx_login_attempts_ip_address` (`ip_address`),
  KEY `idx_login_attempts_status` (`status`),
  KEY `idx_login_attempts_attempt_time` (`attempt_time`)
) ENGINE=InnoDB AUTO_INCREMENT=11 DEFAULT CHARSET=utf8mb4 COLLATE=utf8mb4_unicode_ci;

INSERT INTO `login_attempts` (`id`, `username`, `ip_address`, `user_agent`, `attempt_time`, `status`, `failure_reason`, `location`, `device_info`) VALUES
('1', 'admin', '127.0.0.1', 'Mozilla/5.0 (Windows NT 10.0; Win64; x64) AppleWebKit/537.36', '2025-09-05 04:11:37', 'success', NULL, NULL, NULL),
('2', 'test_user', '192.168.1.100', 'Mozilla/5.0 (Macintosh; Intel Mac OS X 10_15_7)', '2025-09-05 04:11:37', 'failed', 'Invalid password', NULL, NULL),
('3', 'admin', '203.0.113.1', 'Mozilla/5.0 (iPhone; CPU iPhone OS 14_0 like Mac OS X)', '2025-09-05 04:11:37', 'failed', 'Account locked', NULL, NULL),
('4', 'oladayo', '::1', 'Mozilla/5.0 (Windows NT 10.0; Win64; x64) AppleWebKit/537.36 (KHTML, like Gecko) Chrome/138.0.0.0 Safari/537.36 Edg/138.0.0.0', '2025-09-05 05:07:09', 'success', NULL, NULL, '{\"browser\":\"Chrome\",\"os\":\"Windows\",\"device\":\"Desktop\"}'),
('5', 'temmy', '::1', 'Mozilla/5.0 (Windows NT 10.0; Win64; x64) AppleWebKit/537.36 (KHTML, like Gecko) Chrome/139.0.0.0 Safari/537.36', '2025-09-05 06:03:42', 'failed', 'Invalid credentials', NULL, '{\"browser\":\"Chrome\",\"os\":\"Windows\",\"device\":\"Desktop\"}'),
('6', 'oladayo', '::1', 'Mozilla/5.0 (Windows NT 10.0; Win64; x64) AppleWebKit/537.36 (KHTML, like Gecko) Chrome/139.0.0.0 Safari/537.36', '2025-09-05 06:04:00', 'success', NULL, NULL, '{\"browser\":\"Chrome\",\"os\":\"Windows\",\"device\":\"Desktop\"}'),
('7', 'temmy', '::1', 'Mozilla/5.0 (Windows NT 10.0; Win64; x64) AppleWebKit/537.36 (KHTML, like Gecko) Chrome/139.0.0.0 Safari/537.36', '2025-09-05 06:04:18', 'failed', 'Invalid credentials', NULL, '{\"browser\":\"Chrome\",\"os\":\"Windows\",\"device\":\"Desktop\"}'),
('8', 'oladayo', '::1', 'Mozilla/5.0 (Windows NT 10.0; Win64; x64) AppleWebKit/537.36 (KHTML, like Gecko) Chrome/139.0.0.0 Safari/537.36', '2025-09-05 06:04:42', 'success', NULL, NULL, '{\"browser\":\"Chrome\",\"os\":\"Windows\",\"device\":\"Desktop\"}'),
('9', 'temmy', '::1', 'Mozilla/5.0 (Windows NT 10.0; Win64; x64) AppleWebKit/537.36 (KHTML, like Gecko) Chrome/139.0.0.0 Safari/537.36', '2025-09-05 06:05:40', 'success', NULL, NULL, '{\"browser\":\"Chrome\",\"os\":\"Windows\",\"device\":\"Desktop\"}'),
('10', 'oladayo', '::1', 'Mozilla/5.0 (Windows NT 10.0; Win64; x64) AppleWebKit/537.36 (KHTML, like Gecko) Chrome/138.0.0.0 Safari/537.36 Edg/138.0.0.0', '2025-09-05 20:50:09', 'success', NULL, NULL, '{\"browser\":\"Chrome\",\"os\":\"Windows\",\"device\":\"Desktop\"}');

CREATE TABLE `low_stock_alerts` (
  `id` int(11) NOT NULL AUTO_INCREMENT,
  `product_id` int(11) DEFAULT NULL,
  `current_stock` int(11) DEFAULT NULL,
  `threshold` int(11) DEFAULT NULL,
  `status` enum('active','resolved') DEFAULT 'active',
  `created_at` timestamp NOT NULL DEFAULT current_timestamp(),
  `resolved_at` timestamp NULL DEFAULT NULL,
  PRIMARY KEY (`id`),
  KEY `product_id` (`product_id`),
  CONSTRAINT `low_stock_alerts_ibfk_1` FOREIGN KEY (`product_id`) REFERENCES `products` (`product_id`) ON DELETE CASCADE
) ENGINE=InnoDB AUTO_INCREMENT=2 DEFAULT CHARSET=utf8mb4 COLLATE=utf8mb4_general_ci;

INSERT INTO `low_stock_alerts` (`id`, `product_id`, `current_stock`, `threshold`, `status`, `created_at`, `resolved_at`) VALUES
('1', '3', '5', '5', 'resolved', '2025-08-08 22:13:01', '2025-09-05 01:24:14');

CREATE TABLE `measurements` (
  `id` int(11) NOT NULL AUTO_INCREMENT,
  `name` varchar(255) DEFAULT NULL,
  `length` float DEFAULT NULL,
  `vamp` float DEFAULT NULL,
  `instep` float DEFAULT NULL,
  `created_at` timestamp NOT NULL DEFAULT current_timestamp(),
  PRIMARY KEY (`id`)
) ENGINE=InnoDB DEFAULT CHARSET=utf8mb4 COLLATE=utf8mb4_general_ci;

CREATE TABLE `order_items` (
  `id` int(11) NOT NULL AUTO_INCREMENT,
  `order_id` int(11) NOT NULL,
  `product_id` varchar(50) NOT NULL,
  `product_name` varchar(255) NOT NULL,
  `price` decimal(10,2) NOT NULL,
  `quantity` int(11) NOT NULL,
  `color` varchar(50) DEFAULT NULL,
  `size` varchar(20) DEFAULT NULL,
  `width` varchar(20) DEFAULT NULL,
  `image` varchar(255) DEFAULT NULL,
  PRIMARY KEY (`id`)
) ENGINE=InnoDB AUTO_INCREMENT=69 DEFAULT CHARSET=utf8mb4 COLLATE=utf8mb4_general_ci;

INSERT INTO `order_items` (`id`, `order_id`, `product_id`, `product_name`, `price`, `quantity`, `color`, `size`, `width`, `image`) VALUES
('1', '1', '5', 'prod b', '49550.00', '6', 'green', '38', 'E', '/images/11.HEIC'),
('2', '2', '4', 'prod a', '50000.00', '4', 'brown', '43', 'E', '/images/1.HEIC'),
('3', '2', '4', 'prod a', '50000.00', '2', 'brown', '37', 'E', '/images/1.HEIC'),
('4', '2', '3', 'black and white oxford', '45000.00', '6', 'tan', '45', 'E', '/images/black and white.png'),
('5', '2', '1', 'Cram Solid Oxford', '55000.00', '2', 'tan', '45', 'EE', '/images/Cram Solid Oxford.webp'),
('6', '2', '5', 'prod b', '49550.00', '9', 'green', '43', 'E', '/images/11.HEIC'),
('7', '3', '4', 'prod a', '50000.00', '4', 'brown', '38', 'E', '/images/1.HEIC'),
('8', '3', '3', 'black and white oxford', '45000.00', '2', 'tan', '41', 'E', '/images/black and white.png'),
('9', '4', '3', 'black and white oxford', '45000.00', '4', 'tan', '45', 'EE', '/images/black and white.png'),
('10', '5', '5', 'prod b', '49550.00', '5', 'green', '42', 'EE', '/images/11.HEIC'),
('11', '6', '8', 'Muled Slide 600', '25000.00', '3', 'brown', '43', 'D', '/images/ms.webp'),
('12', '6', 'custom_2', 'Custom sandals', '100000.00', '1', 'brown', '42', '', '/images/Oxford Cap Toe 600.webp'),
('13', '6', 'custom_1', 'Custom classic', '95000.00', '2', 'tan', '38', '', '/images/Oxford Cap Toe 600.webp'),
('14', '6', 'custom_1753553096508', 'Custom sandals', '80000.00', '1', 'brown', '42', '', 'http://localhost/images/Oxford%20Cap%20Toe%20600.webp'),
('15', '6', 'custom_1753552850580', 'Custom classic', '85000.00', '1', 'tan', '38', '', 'http://localhost/images/Oxford%20Cap%20Toe%20600.webp'),
('16', '6', 'custom_1753552708474', 'Custom monk', '98000.00', '1', 'burgundy', '40', '', 'http://localhost/images/Oxford%20Cap%20Toe%20600.webp'),
('17', '6', 'custom_1753551440810', 'Custom loafer', '78000.00', '1', 'burgundy', '40', '', 'http://localhost/images/penny%20loafer%20600.webp'),
('18', '6', '3', 'black and white oxford', '45000.00', '2', 'tan', '45', 'E', '/images/black and white.png'),
('19', '6', 'custom_1', 'Custom derby', '92000.00', '1', 'burgundy', '38', '', '/images/cram solid oxford.webp'),
('20', '7', '6', 'Urbane Oxford', '45000.00', '4', 'tan', '45', 'E', '/images/urbane.webp'),
('21', '8', '10', 'Oak & Crest', '25000.00', '7', 'sage green', '42', 'D', '/images/oc.webp'),
('22', '9', '11', 'Oak & Crest 401', '23000.00', '3', 'dark brown', '40', 'D', '/images/onc.webp'),
('23', '10', '7', 'Muled Slide', '25000.00', '3', 'mustard', '38', 'E', '/images/ms11.webp'),
('24', '11', '11', 'Oak & Crest 401', '23000.00', '5', 'tan', '41', 'E', '/images/onc.webp'),
('25', '12', '3', 'black and white oxford', '45000.00', '2', 'brown', '41', 'E', '/images/black and white-1.webp'),
('38', '25', '11', 'Oak & Crest 401', '23000.00', '3', 'tan', '45', 'E', '/images/onc.webp'),
('39', '26', '10', 'Oak & Crest', '25000.00', '3', 'green', '41', 'D', '/images/oc.webp'),
('40', '27', '8', 'Muled Slide 600', '25000.00', '10', 'brown', '43', 'E', '/images/ms.webp'),
('41', '27', '8', 'Muled Slide 600', '25000.00', '7', 'brown', '41', 'E', '/images/ms.webp'),
('42', '27', '7', 'Muled Slide', '25000.00', '3', 'brown', '42', 'D', '/images/ms11.webp'),
('43', '27', '7', 'Muled Slide', '25000.00', '3', 'brown', '44', 'E', '/images/ms11.webp'),
('44', '28', '1', 'Cram Solid Oxford', '55000.00', '3', 'dark brown', '44', 'E', '/images/Cram Solid Oxford.webp'),
('45', '28', '1', 'Cram Solid Oxford', '55000.00', '2', 'tan', '45', 'E', '/images/Cram Solid Oxford.webp'),
('46', '29', '3', 'black and white oxford', '45000.00', '3', 'blue', '41', 'D', '/images/black and white-1.webp'),
('47', '30', '2', 'Vintage Croc 600', '35000.00', '6', 'white', '42', 'D', '/images/Vintage Croc 600.webp'),
('48', '31', '6', 'Urbane Oxford', '45000.00', '5', 'dark brown', '45', 'E', '/images/urbane.webp'),
('49', '31', '6', 'Urbane Oxford', '45000.00', '5', 'black', '42', 'D', '/images/urbane.webp'),
('50', '32', '10', 'Oak & Crest', '25000.00', '7', 'green', '40', 'E', '/images/oc.webp'),
('51', '32', '10', 'Oak & Crest', '25000.00', '2', 'brown', '42', 'E', '/images/oc.webp'),
('52', '32', '10', 'Oak & Crest', '25000.00', '1', 'green', '43', 'D', '/images/oc.webp'),
('53', '33', '9', 'Vera Cross', '22000.00', '4', 'tan', '38', 'E', '/images/vc.webp'),
('54', '33', '9', 'Vera Cross', '22000.00', '4', 'dark brown', '41', 'E', '/images/vc.webp'),
('55', '34', '6', 'Urbane Oxford', '45000.00', '2', 'tan', '41', 'E', '/images/urbane.webp'),
('56', '35', '10', 'Oak & Crest', '25000.00', '5', 'mustard', '44', 'E', '/images/oc.webp'),
('57', '36', '2', 'Vintage Croc 600', '35000.00', '2', 'green', '43', 'D', '/images/Vintage Croc 600.webp'),
('58', '37', '11', 'Oak & Crest 401', '23000.00', '2', 'dark brown', '41', 'E', '/images/onc.webp'),
('59', '38', '10', 'Oak & Crest', '25000.00', '2', 'sage green', '45', 'E', '/images/oc.webp'),
('60', '39', '9', 'Vera Cross', '22000.00', '2', 'dark brown', '39', 'D', '/images/vc.webp'),
('61', '40', '8', 'Muled Slide 600', '25000.00', '1', 'brown', '37', 'D', '/images/ms.webp'),
('62', '41', '7', 'Muled Slide', '25000.00', '2', 'brown', '38', 'D', '/images/ms11.webp'),
('63', '42', '6', 'Urbane Oxford', '45000.00', '2', 'tan', '41', 'E', '/images/urbane.webp'),
('64', '43', '3', 'black and white oxford', '45000.00', '2', 'blue', '45', 'D', '/images/black and white-1.webp'),
('65', '44', '2', 'Vintage Croc 600', '35000.00', '2', 'white', '42', 'D', '/images/Vintage Croc 600.webp'),
('66', '45', '1', 'Cram Solid Oxford', '55000.00', '2', 'dark brown', '41', 'D', '/images/Cram Solid Oxford.webp'),
('67', '46', '1', 'Cram Solid Oxford', '55000.00', '2', 'tan', '45', 'D', '/images/Cram Solid Oxford.webp'),
('68', '47', '11', 'Oak & Crest 401', '23000.00', '2', 'dark brown', '41', 'D', '/images/onc.webp');

CREATE TABLE `order_progress` (
  `id` int(11) NOT NULL AUTO_INCREMENT,
  `order_id` int(11) NOT NULL,
  `status_update` varchar(255) NOT NULL,
  `updated_at` timestamp NOT NULL DEFAULT current_timestamp(),
  `created_at` timestamp NOT NULL DEFAULT current_timestamp(),
  PRIMARY KEY (`id`)
) ENGINE=InnoDB AUTO_INCREMENT=131 DEFAULT CHARSET=utf8mb4 COLLATE=utf8mb4_general_ci;

INSERT INTO `order_progress` (`id`, `order_id`, `status_update`, `updated_at`, `created_at`) VALUES
('1', '1', 'Order created', '2025-07-23 04:00:34', '2025-07-23 05:51:07'),
('2', '1', 'Payment proof uploaded by dele sae', '2025-07-23 04:00:57', '2025-07-23 05:51:07'),
('3', '1', 'payment has been received and production has begun', '2025-07-23 04:58:58', '2025-07-23 05:51:07'),
('4', '2', 'Order created', '2025-07-23 05:11:15', '2025-07-23 05:51:07'),
('5', '2', 'Payment proof uploaded by Temitope Kodaolu', '2025-07-23 05:11:20', '2025-07-23 05:51:07'),
('6', '2', 'payment has been confirmed', '2025-07-23 05:17:03', '2025-07-23 05:51:07'),
('7', '1', 'product shipped', '2025-07-23 05:32:47', '2025-07-23 05:51:07'),
('8', '2', 'shoes are being produced', '2025-07-23 05:34:36', '2025-07-23 05:51:07'),
('9', '3', 'Order created', '2025-07-23 05:38:27', '2025-07-23 05:51:07'),
('10', '3', 'Payment proof uploaded by Mofe', '2025-07-23 05:38:31', '2025-07-23 05:51:07'),
('11', '3', 'order has been shipped', '2025-07-25 05:57:58', '2025-07-25 05:57:58'),
('12', '4', 'Order created', '2025-07-25 06:15:37', '2025-07-25 06:15:37'),
('13', '4', 'Payment proof uploaded by Temitope Kodaolu', '2025-07-25 06:16:03', '2025-07-25 06:16:03'),
('14', '5', 'Order created', '2025-07-25 06:41:55', '2025-07-25 06:41:55'),
('15', '5', 'Payment proof uploaded by Temitope Kodaolu', '2025-07-25 06:42:08', '2025-07-25 06:42:08'),
('16', '3', 'received', '2025-07-25 06:52:46', '2025-07-25 06:52:46'),
('17', '5', 'Payment confirmed by admin', '2025-07-25 07:14:25', '2025-07-25 07:14:25'),
('18', '5', 'Payment confirmed by admin', '2025-07-25 07:16:24', '2025-07-25 07:16:24'),
('19', '5', 'shipped', '2025-07-25 07:17:07', '2025-07-25 07:17:07'),
('20', '4', 'Payment confirmed by admin', '2025-07-25 07:17:57', '2025-07-25 07:17:57'),
('21', '3', 'Payment confirmed by admin', '2025-07-25 07:21:01', '2025-07-25 07:21:01'),
('22', '1', 'Payment confirmed by admin', '2025-07-25 07:21:50', '2025-07-25 07:21:50'),
('23', '1', 'done', '2025-07-25 07:22:01', '2025-07-25 07:22:01'),
('24', '5', 'done', '2025-07-25 07:50:15', '2025-07-25 07:50:15'),
('25', '2', 'Payment confirmed by admin', '2025-07-26 15:52:54', '2025-07-26 15:52:54'),
('26', '2', 'order shipped\r\n', '2025-07-26 15:54:22', '2025-07-26 15:54:22'),
('27', '4', 'done', '2025-07-28 00:11:46', '2025-07-28 00:11:46'),
('28', '3', 'done', '2025-07-28 00:12:10', '2025-07-28 00:12:10'),
('29', '2', 'done', '2025-07-28 00:12:46', '2025-07-28 00:12:46'),
('30', '6', 'Order created', '2025-08-08 22:22:09', '2025-08-08 22:22:09'),
('31', '6', 'Payment proof uploaded by Temitope Kodaolu', '2025-08-08 22:24:14', '2025-08-08 22:24:14'),
('32', '6', 'Payment confirmed by admin', '2025-08-08 22:25:47', '2025-08-08 22:25:47'),
('33', '7', 'Order created', '2025-08-08 22:41:35', '2025-08-08 22:41:35'),
('34', '7', 'Payment proof uploaded by Temitope Kodaolu', '2025-08-08 22:41:49', '2025-08-08 22:41:49'),
('35', '8', 'Order created', '2025-08-08 23:28:15', '2025-08-08 23:28:15'),
('36', '8', 'Payment proof uploaded by Mofe', '2025-08-08 23:28:38', '2025-08-08 23:28:38'),
('37', '9', 'Order created', '2025-08-08 23:29:48', '2025-08-08 23:29:48'),
('38', '9', 'Payment proof uploaded by Temitope Kodaolu', '2025-08-08 23:30:10', '2025-08-08 23:30:10'),
('39', '10', 'Order created', '2025-08-09 00:46:00', '2025-08-09 00:46:00'),
('40', '11', 'Order created', '2025-08-09 00:58:01', '2025-08-09 00:58:01'),
('41', '11', 'Payment proof uploaded by Guest', '2025-08-09 01:02:04', '2025-08-09 01:02:04'),
('42', '10', 'Payment proof uploaded by Guest', '2025-08-09 01:03:04', '2025-08-09 01:03:04'),
('43', '11', 'Payment confirmed by admin', '2025-08-09 22:43:11', '2025-08-09 22:43:11'),
('44', '9', 'Payment confirmed by admin', '2025-08-15 21:48:58', '2025-08-15 21:48:58'),
('45', '10', 'Payment confirmed by admin', '2025-08-15 21:49:41', '2025-08-15 21:49:41'),
('46', '8', 'Payment confirmed by admin', '2025-08-15 21:51:04', '2025-08-15 21:51:04'),
('47', '7', 'Payment confirmed by admin', '2025-08-15 21:51:50', '2025-08-15 21:51:50'),
('48', '12', 'Order created', '2025-08-15 23:15:58', '2025-08-15 23:15:58'),
('49', '12', 'Payment proof uploaded by Temitope Kodaolu', '2025-08-15 23:16:03', '2025-08-15 23:16:03'),
('50', '12', 'Payment confirmed by admin', '2025-08-15 23:17:00', '2025-08-15 23:17:00'),
('51', '17', 'Order created', '2025-08-22 01:11:38', '2025-08-22 01:11:38'),
('52', '18', 'Order created', '2025-08-22 01:11:41', '2025-08-22 01:11:41'),
('53', '19', 'Order created', '2025-08-22 01:11:50', '2025-08-22 01:11:50'),
('54', '20', 'Order created', '2025-08-22 01:12:25', '2025-08-22 01:12:25'),
('55', '25', 'Payment proof uploaded by Temitope Kodaolu', '2025-08-22 01:22:01', '2025-08-22 01:22:01'),
('56', '26', 'Order created and pending payment', '2025-08-22 01:32:16', '2025-08-22 01:32:16'),
('57', '26', 'Payment proof uploaded by Temitope Kodaolu', '2025-08-22 01:32:38', '2025-08-22 01:32:38'),
('58', '27', 'Order created and pending payment', '2025-08-22 01:36:46', '2025-08-22 01:36:46'),
('59', '27', 'Payment proof uploaded by Temitope Kodaolu', '2025-08-22 01:37:07', '2025-08-22 01:37:07'),
('60', '27', 'Payment confirmed by admin', '2025-08-22 01:38:04', '2025-08-22 01:38:04'),
('61', '26', 'Payment confirmed by admin - inventory updated', '2025-08-22 01:46:37', '2025-08-22 01:46:37'),
('62', '25', 'Payment confirmed by admin - inventory updated', '2025-08-22 01:47:22', '2025-08-22 01:47:22'),
('63', '28', 'Order created and pending payment', '2025-08-22 01:51:10', '2025-08-22 01:51:10'),
('64', '28', 'Payment proof uploaded by Mofe', '2025-08-22 01:51:34', '2025-08-22 01:51:34'),
('65', '28', 'Payment confirmed by admin - inventory updated', '2025-08-22 01:52:03', '2025-08-22 01:52:03'),
('66', '29', 'Order created and pending payment', '2025-08-22 01:56:30', '2025-08-22 01:56:30'),
('67', '29', 'Payment proof uploaded by Mofe', '2025-08-22 01:56:44', '2025-08-22 01:56:44'),
('68', '30', 'Order created and pending payment', '2025-08-22 01:57:24', '2025-08-22 01:57:24'),
('69', '30', 'Payment proof uploaded by Mofe', '2025-08-22 01:57:33', '2025-08-22 01:57:33'),
('70', '30', 'Payment confirmed by admin - inventory updated', '2025-08-22 02:02:34', '2025-08-22 02:02:34'),
('71', '30', 'Payment confirmed by admin - inventory updated', '2025-08-22 02:02:43', '2025-08-22 02:02:43'),
('72', '29', 'Payment confirmed by admin - inventory updated', '2025-08-22 02:03:18', '2025-08-22 02:03:18'),
('73', '31', 'Order created and pending payment', '2025-08-22 02:06:50', '2025-08-22 02:06:50'),
('74', '31', 'Payment proof uploaded by Mofe', '2025-08-22 02:07:00', '2025-08-22 02:07:00'),
('75', '31', 'Payment confirmed by admin - inventory updated', '2025-08-22 02:07:17', '2025-08-22 02:07:17'),
('76', '32', 'Order created and pending payment', '2025-08-22 02:14:39', '2025-08-22 02:14:39'),
('77', '32', 'Payment proof uploaded by Mofe', '2025-08-22 02:14:49', '2025-08-22 02:14:49'),
('78', '32', 'Payment confirmed by admin - inventory updated', '2025-08-22 02:15:04', '2025-08-22 02:15:04'),
('79', '33', 'Order created and pending payment', '2025-08-22 02:32:05', '2025-08-22 02:32:05'),
('80', '33', 'Payment proof uploaded by Temitope Kodaolu', '2025-08-22 02:32:24', '2025-08-22 02:32:24'),
('81', '33', 'Payment confirmed by admin - inventory updated', '2025-08-22 02:32:37', '2025-08-22 02:32:37'),
('82', '33', 'Payment confirmed by admin - inventory updated', '2025-08-22 02:33:13', '2025-08-22 02:33:13'),
('83', '33', 'Payment confirmed by admin - inventory updated', '2025-08-22 02:33:26', '2025-08-22 02:33:26'),
('84', '34', 'Order created and pending payment', '2025-08-22 02:47:50', '2025-08-22 02:47:50'),
('85', '34', 'Payment proof uploaded by Temitope Kodaolu', '2025-08-22 02:48:05', '2025-08-22 02:48:05'),
('86', '34', 'Payment confirmed by admin - inventory updated', '2025-08-22 02:48:18', '2025-08-22 02:48:18'),
('87', '35', 'Order created and pending payment', '2025-08-22 02:51:27', '2025-08-22 02:51:27'),
('88', '35', 'Payment proof uploaded by Temitope Kodaolu', '2025-08-22 02:51:40', '2025-08-22 02:51:40'),
('89', '35', 'Payment confirmed by admin - inventory updated', '2025-08-22 02:51:55', '2025-08-22 02:51:55'),
('90', '36', 'Order created and pending payment', '2025-08-22 02:59:39', '2025-08-22 02:59:39'),
('91', '36', 'Payment proof uploaded by Temitope Kodaolu', '2025-08-22 02:59:50', '2025-08-22 02:59:50'),
('92', '36', 'Payment confirmed by admin - inventory updated', '2025-08-22 03:00:12', '2025-08-22 03:00:12'),
('93', '37', 'Order created and pending payment', '2025-08-22 03:02:20', '2025-08-22 03:02:20'),
('94', '37', 'Payment proof uploaded by Temitope Kodaolu', '2025-08-22 03:02:33', '2025-08-22 03:02:33'),
('95', '38', 'Order created and pending payment', '2025-08-22 03:03:17', '2025-08-22 03:03:17'),
('96', '38', 'Payment proof uploaded by Temitope Kodaolu', '2025-08-22 03:03:28', '2025-08-22 03:03:28'),
('97', '39', 'Order created and pending payment', '2025-08-22 03:04:21', '2025-08-22 03:04:21'),
('98', '39', 'Payment proof uploaded by Temitope Kodaolu', '2025-08-22 03:04:32', '2025-08-22 03:04:32'),
('99', '37', 'Payment confirmed by admin - inventory updated', '2025-08-22 03:04:56', '2025-08-22 03:04:56'),
('100', '38', 'Payment confirmed by admin - inventory updated', '2025-08-22 03:07:25', '2025-08-22 03:07:25'),
('101', '39', 'Payment confirmed by admin - inventory updated', '2025-08-22 03:09:18', '2025-08-22 03:09:18'),
('102', '40', 'Order created and pending payment', '2025-08-22 03:11:40', '2025-08-22 03:11:40'),
('103', '40', 'Payment proof uploaded by Temitope Kodaolu', '2025-08-22 03:11:51', '2025-08-22 03:11:51'),
('104', '40', 'Payment confirmed by admin - inventory updated', '2025-08-22 03:12:12', '2025-08-22 03:12:12'),
('105', '41', 'Order created and pending payment', '2025-08-22 03:14:40', '2025-08-22 03:14:40'),
('106', '41', 'Payment proof uploaded by Temitope Kodaolu', '2025-08-22 03:14:52', '2025-08-22 03:14:52'),
('107', '41', 'Payment confirmed by admin - inventory updated', '2025-08-22 03:15:13', '2025-08-22 03:15:13'),
('108', '42', 'Order created and pending payment', '2025-08-22 03:17:50', '2025-08-22 03:17:50'),
('109', '42', 'Payment proof uploaded by Mofe', '2025-08-22 03:17:59', '2025-08-22 03:17:59'),
('110', '42', 'Payment confirmed by admin - inventory updated', '2025-08-22 03:18:17', '2025-08-22 03:18:17'),
('111', '43', 'Order created and pending payment', '2025-08-22 03:20:43', '2025-08-22 03:20:43'),
('112', '43', 'Payment proof uploaded by Mofe', '2025-08-22 03:20:50', '2025-08-22 03:20:50'),
('113', '43', 'Payment confirmed by admin - inventory updated', '2025-08-22 03:21:17', '2025-08-22 03:21:17'),
('114', '43', 'Payment confirmed by admin - inventory updated', '2025-08-22 03:23:36', '2025-08-22 03:23:36'),
('115', '43', 'Payment confirmed by admin - inventory updated', '2025-08-22 03:23:46', '2025-08-22 03:23:46'),
('116', '44', 'Order created and pending payment', '2025-08-22 03:24:30', '2025-08-22 03:24:30'),
('117', '44', 'Payment proof uploaded by Mofe', '2025-08-22 03:24:41', '2025-08-22 03:24:41'),
('118', '44', 'Payment confirmed by admin - inventory updated', '2025-08-22 03:24:54', '2025-08-22 03:24:54'),
('119', '44', 'Payment confirmed by admin - inventory updated', '2025-08-22 03:26:18', '2025-08-22 03:26:18'),
('120', '45', 'Order created and pending payment', '2025-08-22 03:30:57', '2025-08-22 03:30:57'),
('121', '45', 'Payment proof uploaded by Mofe', '2025-08-22 03:31:07', '2025-08-22 03:31:07'),
('122', '45', 'Payment confirmed by admin - inventory updated', '2025-08-22 03:31:53', '2025-08-22 03:31:53'),
('123', '46', 'Order created and pending payment', '2025-08-22 03:35:06', '2025-08-22 03:35:06'),
('124', '46', 'Payment proof uploaded by Mofe', '2025-08-22 03:35:15', '2025-08-22 03:35:15'),
('125', '45', 'Payment confirmed by admin - inventory updated', '2025-08-22 03:35:23', '2025-08-22 03:35:23'),
('126', '46', 'Payment confirmed by admin - inventory updated', '2025-08-22 03:35:36', '2025-08-22 03:35:36'),
('127', '47', 'Order created and pending payment', '2025-08-22 03:38:22', '2025-08-22 03:38:22'),
('128', '47', 'Payment proof uploaded by Temitope Kodaolu', '2025-08-22 03:38:36', '2025-08-22 03:38:36'),
('129', '47', 'Payment confirmed by admin - inventory updated', '2025-08-22 03:39:14', '2025-08-22 03:39:14'),
('130', '47', 'Payment confirmed by admin - inventory updated', '2025-08-22 17:08:07', '2025-08-22 17:08:07');

CREATE TABLE `order_status_history` (
  `id` int(11) NOT NULL AUTO_INCREMENT,
  `order_id` int(11) NOT NULL,
  `status` varchar(50) NOT NULL,
  `created_at` timestamp NOT NULL DEFAULT current_timestamp(),
  PRIMARY KEY (`id`),
  KEY `order_id` (`order_id`),
  CONSTRAINT `order_status_history_ibfk_1` FOREIGN KEY (`order_id`) REFERENCES `orders` (`order_id`) ON DELETE CASCADE
) ENGINE=InnoDB AUTO_INCREMENT=13 DEFAULT CHARSET=utf8mb4 COLLATE=utf8mb4_general_ci;

INSERT INTO `order_status_history` (`id`, `order_id`, `status`, `created_at`) VALUES
('1', '6', 'Processing', '2025-08-08 22:30:16'),
('2', '6', 'Shipped', '2025-08-08 22:31:41'),
('3', '11', 'Shipped', '2025-08-09 22:43:23'),
('4', '11', 'Completed', '2025-08-15 21:48:38'),
('5', '9', 'Completed', '2025-08-15 21:49:21'),
('6', '10', 'Completed', '2025-08-15 21:50:00'),
('7', '6', 'Completed', '2025-08-15 21:50:42'),
('8', '8', 'Completed', '2025-08-15 21:51:21'),
('9', '7', 'Completed', '2025-08-15 21:51:59'),
('10', '12', 'Delivered', '2025-08-15 23:17:13'),
('11', '12', 'Completed', '2025-08-15 23:17:46'),
('12', '27', 'Shipped', '2025-08-22 01:38:22');

CREATE TABLE `orders` (
  `order_id` int(11) NOT NULL AUTO_INCREMENT,
  `user_id` int(11) DEFAULT NULL,
  `customer_name` varchar(255) NOT NULL,
  `email` varchar(255) DEFAULT NULL,
  `phone` varchar(50) DEFAULT NULL,
  `address` text NOT NULL,
  `city` varchar(100) NOT NULL,
  `state` varchar(100) NOT NULL,
  `country` varchar(100) NOT NULL,
  `subtotal` decimal(10,2) NOT NULL,
  `shipping` decimal(10,2) NOT NULL,
  `total` decimal(10,2) NOT NULL,
  `payment_method` varchar(50) NOT NULL,
  `status` varchar(50) DEFAULT 'Pending',
  `created_at` timestamp NOT NULL DEFAULT current_timestamp(),
  `payment_confirmed` tinyint(1) DEFAULT 0,
  `payment_reference` varchar(255) DEFAULT NULL,
  PRIMARY KEY (`order_id`)
) ENGINE=InnoDB AUTO_INCREMENT=48 DEFAULT CHARSET=utf8mb4 COLLATE=utf8mb4_general_ci;

INSERT INTO `orders` (`order_id`, `user_id`, `customer_name`, `email`, `phone`, `address`, `city`, `state`, `country`, `subtotal`, `shipping`, `total`, `payment_method`, `status`, `created_at`, `payment_confirmed`, `payment_reference`) VALUES
('1', NULL, 'dele sae', '', '9454754', 'jungle', 'ishaga', 'Lagos', 'Nigeria', '297300.00', '0.00', '297300.00', 'bank_transfer', 'Completed', '2025-07-23 04:00:34', '1', NULL),
('2', '8', 'Temitope Kodaolu', 'kodaolutemitope2310@gmail.com', '009009005005', '2 oluwa street, off okey ayo street', 'ishaga', 'Lagos', 'Nigeria', '1125950.00', '0.00', '1125950.00', 'bank_transfer', 'Completed', '2025-07-23 05:11:15', '1', NULL),
('3', '10', 'Mofe', 'deereelinabbey@gmail.com', '0987654321000', '25 okeagbon', 'imosan', 'ogun', 'Nigeria', '290000.00', '0.00', '290000.00', 'bank_transfer', 'Completed', '2025-07-23 05:38:27', '1', NULL),
('4', '8', 'Temitope Kodaolu', 'kodaolutemitope2310@gmail.com', '87654', 'jumgle', 'ogba', 'Lagos', 'Nigeria', '180000.00', '0.00', '180000.00', 'bank_transfer', 'Completed', '2025-07-25 06:15:37', '1', NULL),
('5', '8', 'Temitope Kodaolu', 'kodaolutemitope2310@gmail.com', '08138425791', '22 oluwa street, off oke ayo street', 'ishaga', 'Lagos', 'Nigeria', '247750.00', '0.00', '247750.00', 'bank_transfer', 'Completed', '2025-07-25 06:41:55', '1', NULL),
('6', '8', 'Temitope Kodaolu', 'kodaolutemitope2310@gmail.com', '08138425791', '2 oluwa street, off okey ayo street', 'ishaga', 'Maine', 'United States', '888000.00', '0.00', '888000.00', 'bank_transfer', 'Completed', '2025-08-08 22:22:09', '1', NULL),
('7', '8', 'Temitope Kodaolu', 'kodaolutemitope2310@gmail.com', '08138425791', '2 oluwa street, off okey ayo street', 'ishaga', 'Lagos', 'Nigeria', '180000.00', '0.00', '180000.00', 'bank_transfer', 'Completed', '2025-08-08 22:41:35', '1', NULL),
('8', '10', 'Mofe', 'deereelinabbey@gmail.com', '152535456575859505', '25 okeagbon', 'imosan', 'ogun', 'Nigeria', '175000.00', '10000.00', '185000.00', 'bank_transfer', 'Completed', '2025-08-08 23:28:15', '1', NULL),
('9', '8', 'Temitope Kodaolu', 'kodaolutemitope2310@gmail.com', '08138425791', '22 oluwa street, off oke ayo street', 'ishaga', 'Lagos', 'Nigeria', '69000.00', '5000.00', '74000.00', 'bank_transfer', 'Completed', '2025-08-08 23:29:48', '1', NULL),
('10', '10', 'Mofe', 'deereelinabbey@gmail.com', '152535456575859505', '25 okeagbon', 'imosan', 'ogun', 'Nigeria', '75000.00', '10000.00', '85000.00', 'bank_transfer', 'Completed', '2025-08-09 00:46:00', '1', NULL),
('11', '8', 'Temitope Kodaolu', 'kodaolutemitope2310@gmail.com', '08138425791', 'jumgle', 'ogba', 'Lagos', 'Nigeria', '115000.00', '5000.00', '120000.00', 'bank_transfer', 'Completed', '2025-08-09 00:58:01', '1', NULL),
('12', '8', 'Temitope Kodaolu', 'kodaolutemitope2310@gmail.com', '08138425791', '2 oluwa street, off okey ayo street', 'ishaga', 'Lagos', 'Nigeria', '90000.00', '5000.00', '95000.00', 'bank_transfer', 'Completed', '2025-08-15 23:15:58', '1', NULL),
('25', '8', 'Temitope Kodaolu', 'kodaolutemitope2310@gmail.com', '08138425791', '2 abolabi', 'obawole', 'Lagos', 'Nigeria', '69000.00', '5000.00', '74000.00', 'bank_transfer', 'Processing', '2025-08-22 01:21:31', '1', NULL),
('26', '8', 'Temitope Kodaolu', 'kodaolutemitope2310@gmail.com', '08138425791', '2 oluwa street, off okey ayo street', 'ishaga', 'Lagos', 'Nigeria', '75000.00', '0.00', '75000.00', 'bank_transfer', 'Processing', '2025-08-22 01:32:16', '1', NULL),
('27', '8', 'Temitope Kodaolu', 'kodaolutemitope2310@gmail.com', '08138425791', '11, Taiwo Olumoko Street, Owutu', 'Ikorodu', 'Limpopo', 'South Africa', '575000.00', '0.00', '575000.00', 'bank_transfer', 'Shipped', '2025-08-22 01:36:46', '1', NULL),
('28', '10', 'Mofe', 'deereelinabbey@gmail.com', '152535456575859505', '25 okeagbon', 'imosan', 'ogun', 'Nigeria', '275000.00', '0.00', '275000.00', 'bank_transfer', 'Processing', '2025-08-22 01:51:10', '1', NULL),
('29', '10', 'Mofe', 'deereelinabbey@gmail.com', '152535456575859505', '25 okeagbon', 'imosan', 'ogun', 'Nigeria', '135000.00', '0.00', '135000.00', 'bank_transfer', 'Processing', '2025-08-22 01:56:30', '1', NULL),
('30', '10', 'Mofe', 'deereelinabbey@gmail.com', '152535456575859505', '25 okeagbon', 'imosan', 'ogun', 'Nigeria', '210000.00', '0.00', '210000.00', 'bank_transfer', 'Processing', '2025-08-22 01:57:23', '1', NULL),
('31', '10', 'Mofe', 'deereelinabbey@gmail.com', '152535456575859505', '25 okeagbon', 'imosan', 'ogun', 'Nigeria', '450000.00', '0.00', '450000.00', 'bank_transfer', 'Processing', '2025-08-22 02:06:50', '1', NULL),
('32', '10', 'Mofe', 'deereelinabbey@gmail.com', '152535456575859505', '25 okeagbon', 'imosan', 'ogun', 'Nigeria', '250000.00', '0.00', '250000.00', 'bank_transfer', 'Processing', '2025-08-22 02:14:39', '1', NULL),
('33', '8', 'Temitope Kodaolu', 'kodaolutemitope2310@gmail.com', '08138425791', '2 oluwa street, off okey ayo street', 'ishaga', 'Lagos', 'Nigeria', '176000.00', '0.00', '176000.00', 'bank_transfer', 'Processing', '2025-08-22 02:32:05', '1', NULL),
('34', '8', 'Temitope Kodaolu', 'kodaolutemitope2310@gmail.com', '08138425791', 'jumgle', 'ogba', 'Lagos', 'Nigeria', '90000.00', '0.00', '90000.00', 'bank_transfer', 'Processing', '2025-08-22 02:47:50', '1', NULL),
('35', '8', 'Temitope Kodaolu', 'kodaolutemitope2310@gmail.com', '08138425791', '2 oluwa street, off okey ayo street', 'ishaga', 'Lagos', 'Nigeria', '125000.00', '0.00', '125000.00', 'bank_transfer', 'Processing', '2025-08-22 02:51:27', '1', NULL),
('36', '8', 'Temitope Kodaolu', 'kodaolutemitope2310@gmail.com', '08138425791', '2 abolabi', 'obawole', 'Lagos', 'Nigeria', '70000.00', '0.00', '70000.00', 'bank_transfer', 'Processing', '2025-08-22 02:59:39', '1', NULL),
('37', '8', 'Temitope Kodaolu', 'kodaolutemitope2310@gmail.com', '08138425791', '2 oluwa street, off okey ayo street', 'ishaga', 'Lagos', 'Nigeria', '46000.00', '0.00', '46000.00', 'bank_transfer', 'Processing', '2025-08-22 03:02:20', '1', NULL),
('38', '8', 'Temitope Kodaolu', 'kodaolutemitope2310@gmail.com', '08138425791', 'jumgle', 'ogba', 'Lagos', 'Nigeria', '50000.00', '0.00', '50000.00', 'bank_transfer', 'Processing', '2025-08-22 03:03:17', '1', NULL),
('39', '8', 'Temitope Kodaolu', 'kodaolutemitope2310@gmail.com', '08138425791', '2 oluwa street, off okey ayo street', 'ishaga', 'Maine', 'United States', '44000.00', '0.00', '44000.00', 'bank_transfer', 'Processing', '2025-08-22 03:04:21', '1', NULL),
('40', '8', 'Temitope Kodaolu', 'kodaolutemitope2310@gmail.com', '08138425791', '22 oluwa street, off oke ayo street', 'ishaga', 'Lagos', 'Nigeria', '25000.00', '0.00', '25000.00', 'bank_transfer', 'Processing', '2025-08-22 03:11:40', '1', NULL),
('41', '8', 'Temitope Kodaolu', 'kodaolutemitope2310@gmail.com', '08138425791', '11, Taiwo Olumoko Street, Owutu', 'Ikorodu', 'Limpopo', 'South Africa', '50000.00', '0.00', '50000.00', 'bank_transfer', 'Processing', '2025-08-22 03:14:40', '1', NULL),
('42', '10', 'Mofe', 'deereelinabbey@gmail.com', '152535456575859505', '25 okeagbon', 'imosan', 'ogun', 'Nigeria', '90000.00', '0.00', '90000.00', 'bank_transfer', 'Processing', '2025-08-22 03:17:50', '1', NULL),
('43', '10', 'Mofe', 'deereelinabbey@gmail.com', '152535456575859505', '25 okeagbon', 'imosan', 'ogun', 'Nigeria', '90000.00', '0.00', '90000.00', 'bank_transfer', 'Processing', '2025-08-22 03:20:43', '1', NULL),
('44', '10', 'Mofe', 'deereelinabbey@gmail.com', '152535456575859505', '25 okeagbon', 'imosan', 'ogun', 'Nigeria', '70000.00', '0.00', '70000.00', 'bank_transfer', 'Processing', '2025-08-22 03:24:30', '1', NULL),
('45', '10', 'Mofe', 'deereelinabbey@gmail.com', '152535456575859505', '25 okeagbon', 'imosan', 'ogun', 'Nigeria', '110000.00', '0.00', '110000.00', 'bank_transfer', 'Processing', '2025-08-22 03:30:57', '1', NULL),
('46', '10', 'Mofe', 'deereelinabbey@gmail.com', '152535456575859505', '25 okeagbon', 'imosan', 'ogun', 'Nigeria', '110000.00', '0.00', '110000.00', 'bank_transfer', 'Processing', '2025-08-22 03:35:06', '1', NULL),
('47', '8', 'Temitope Kodaolu', 'kodaolutemitope2310@gmail.com', '08138425791', '11, Taiwo Olumoko Street, Owutu', 'Ikorodu', 'Limpopo', 'South Africa', '46000.00', '0.00', '46000.00', 'bank_transfer', 'Processing', '2025-08-22 03:38:22', '1', NULL);

CREATE TABLE `password_resets` (
  `user_id` int(11) NOT NULL,
  `token` varchar(64) DEFAULT NULL,
  `expires_at` datetime DEFAULT NULL,
  `created_at` timestamp NOT NULL DEFAULT current_timestamp(),
  PRIMARY KEY (`user_id`),
  UNIQUE KEY `token` (`token`),
  KEY `idx_token` (`token`),
  KEY `idx_expires` (`expires_at`)
) ENGINE=InnoDB DEFAULT CHARSET=utf8mb4 COLLATE=utf8mb4_general_ci;

INSERT INTO `password_resets` (`user_id`, `token`, `expires_at`, `created_at`) VALUES
('7', '3aabcdf08e41989dbed3f4f36d8b63db77cad5a279f657ca0f125ddd531840aa', '2025-08-08 15:53:38', '2025-08-08 13:31:36'),
('8', '99fc062df66f35fe65ec85da27d45c7f16647d98dfa51dee8374980353a86874', '2025-08-08 15:54:12', '2025-08-08 13:30:54'),
('10', '64763bf118b51c92b161103dd9d469c163f82db669e13d44b1a45de2976c4776', '2025-08-08 15:41:12', '2025-08-08 13:41:12');

CREATE TABLE `payment_proof` (
  `id` int(11) NOT NULL AUTO_INCREMENT,
  `order_id` int(11) NOT NULL,
  `proof_image` varchar(255) NOT NULL,
  `user_id` int(11) DEFAULT NULL,
  `customer_name` varchar(255) DEFAULT NULL,
  `uploaded_at` timestamp NOT NULL DEFAULT current_timestamp(),
  PRIMARY KEY (`id`)
) ENGINE=InnoDB AUTO_INCREMENT=36 DEFAULT CHARSET=utf8mb4 COLLATE=utf8mb4_general_ci;

INSERT INTO `payment_proof` (`id`, `order_id`, `proof_image`, `user_id`, `customer_name`, `uploaded_at`) VALUES
('1', '1', 'uploads/payment_proofs/1753239657_cert of origin (2).jpg', '0', 'dele sae', '2025-07-23 04:00:57'),
('2', '2', 'uploads/payment_proofs/1753243880_Instagram Post - Elevate your style today!.png', '8', 'Temitope Kodaolu', '2025-07-23 05:11:20'),
('3', '3', 'uploads/payment_proofs/1753245511_pixelcut-export.png', '10', 'Mofe', '2025-07-23 05:38:31'),
('4', '4', 'uploads/payment_proofs/1753420563_footwear-post-1746563288940.jpg', '8', 'Temitope Kodaolu', '2025-07-25 06:16:03'),
('5', '5', 'uploads/payment_proofs/1753422128_WhatsApp Image 2025-05-29 at 13.16.21_e3d2f449 (2).jpg', '8', 'Temitope Kodaolu', '2025-07-25 06:42:08'),
('6', '6', 'uploads/payment_proofs/1754688254_work-shoe.jpg', '8', 'Temitope Kodaolu', '2025-08-08 22:24:14'),
('7', '7', 'uploads/payment_proofs/1754689309_NOC 63220_PP.jpg', '8', 'Temitope Kodaolu', '2025-08-08 22:41:49'),
('8', '8', 'uploads/payment_proofs/1754692118_1542552447800.jpeg', '10', 'Mofe', '2025-08-08 23:28:38'),
('9', '9', 'uploads/payment_proofs/1754692210_images.jpeg', '8', 'Temitope Kodaolu', '2025-08-08 23:30:10'),
('10', '11', 'uploads/payment_proofs/1754697724_work-shoe.jpg', NULL, 'Guest', '2025-08-09 01:02:04'),
('11', '10', 'uploads/payment_proofs/1754697784_Screenshot 2025-05-23 033528.png', NULL, 'Guest', '2025-08-09 01:03:04'),
('12', '12', 'uploads/payment_proofs/1755296163_deereel_post_post_689f8f6a03f62.png', '8', 'Temitope Kodaolu', '2025-08-15 23:16:03'),
('13', '25', 'uploads/payment_proofs/1755822121_vlcsnap-2025-07-30-20h20m46s005.png', '8', 'Temitope Kodaolu', '2025-08-22 01:22:01'),
('14', '26', 'uploads/payment_proofs/1755822757_Screenshot 2025-04-29 230247.png', '8', 'Temitope Kodaolu', '2025-08-22 01:32:37'),
('15', '27', 'uploads/payment_proofs/1755823027_IMG-20250813-WA0004.jpg', '8', 'Temitope Kodaolu', '2025-08-22 01:37:07'),
('16', '28', 'uploads/payment_proofs/1755823894_5.jpg', '10', 'Mofe', '2025-08-22 01:51:34'),
('17', '29', 'uploads/payment_proofs/1755824204_IMG-20250813-WA0006.jpg', '10', 'Mofe', '2025-08-22 01:56:44'),
('18', '30', 'uploads/payment_proofs/1755824253_IMG-20250813-WA0004.jpg', '10', 'Mofe', '2025-08-22 01:57:33'),
('19', '31', 'uploads/payment_proofs/1755824820_IMG-20250813-WA0009.jpg', '10', 'Mofe', '2025-08-22 02:07:00'),
('20', '32', 'uploads/payment_proofs/1755825289_IMG-20250813-WA0017.jpg', '10', 'Mofe', '2025-08-22 02:14:49'),
('21', '33', 'uploads/payment_proofs/1755826344_IMG-20250813-WA0021.jpg', '8', 'Temitope Kodaolu', '2025-08-22 02:32:24'),
('22', '34', 'uploads/payment_proofs/1755827285_IMG-20250813-WA0017.jpg', '8', 'Temitope Kodaolu', '2025-08-22 02:48:05'),
('23', '35', 'uploads/payment_proofs/1755827500_IMG-20250813-WA0022.jpg', '8', 'Temitope Kodaolu', '2025-08-22 02:51:40'),
('24', '36', 'uploads/payment_proofs/1755827990_IMG-20250813-WA0031.jpg', '8', 'Temitope Kodaolu', '2025-08-22 02:59:50'),
('25', '37', 'uploads/payment_proofs/1755828152_2.jpg', '8', 'Temitope Kodaolu', '2025-08-22 03:02:32'),
('26', '38', 'uploads/payment_proofs/1755828208_3.jpg', '8', 'Temitope Kodaolu', '2025-08-22 03:03:28'),
('27', '39', 'uploads/payment_proofs/1755828272_4.jpg', '8', 'Temitope Kodaolu', '2025-08-22 03:04:32'),
('28', '40', 'uploads/payment_proofs/1755828711_IMG-20250813-WA0009.jpg', '8', 'Temitope Kodaolu', '2025-08-22 03:11:51'),
('29', '41', 'uploads/payment_proofs/1755828892_5.jpg', '8', 'Temitope Kodaolu', '2025-08-22 03:14:52'),
('30', '42', 'uploads/payment_proofs/1755829079_IMG-20250813-WA0006.jpg', '10', 'Mofe', '2025-08-22 03:17:59'),
('31', '43', 'uploads/payment_proofs/1755829250_IMG-20250813-WA0006.jpg', '10', 'Mofe', '2025-08-22 03:20:50'),
('32', '44', 'uploads/payment_proofs/1755829481_IMG-20250813-WA0008.jpg', '10', 'Mofe', '2025-08-22 03:24:41'),
('33', '45', 'uploads/payment_proofs/1755829867_IMG-20250813-WA0010.jpg', '10', 'Mofe', '2025-08-22 03:31:07'),
('34', '46', 'uploads/payment_proofs/1755830115_IMG-20250813-WA0017.jpg', '10', 'Mofe', '2025-08-22 03:35:15'),
('35', '47', 'uploads/payment_proofs/1755830315_IMG-20250813-WA0015.jpg', '8', 'Temitope Kodaolu', '2025-08-22 03:38:35');

CREATE TABLE `payment_proofs` (
  `id` int(11) NOT NULL AUTO_INCREMENT,
  `order_id` int(11) NOT NULL,
  `user_id` int(11) NOT NULL,
  `file_path` varchar(255) NOT NULL,
  `original_filename` varchar(255) NOT NULL,
  `uploaded_at` timestamp NOT NULL DEFAULT current_timestamp(),
  `status` enum('pending','verified','rejected') DEFAULT 'pending',
  `admin_notes` text DEFAULT NULL,
  `verified_at` timestamp NULL DEFAULT NULL,
  `verified_by` int(11) DEFAULT NULL,
  PRIMARY KEY (`id`),
  KEY `idx_order_id` (`order_id`),
  KEY `idx_user_id` (`user_id`),
  KEY `idx_status` (`status`)
) ENGINE=InnoDB DEFAULT CHARSET=utf8mb4 COLLATE=utf8mb4_general_ci;

CREATE TABLE `permissions` (
  `id` int(11) NOT NULL AUTO_INCREMENT,
  `name` varchar(100) NOT NULL,
  `description` text DEFAULT NULL,
  `module` varchar(50) NOT NULL,
  `created_at` timestamp NOT NULL DEFAULT current_timestamp(),
  `updated_at` timestamp NOT NULL DEFAULT current_timestamp() ON UPDATE current_timestamp(),
  PRIMARY KEY (`id`),
  UNIQUE KEY `name` (`name`),
  KEY `idx_permissions_name` (`name`),
  KEY `idx_permissions_module` (`module`)
) ENGINE=InnoDB AUTO_INCREMENT=176 DEFAULT CHARSET=utf8mb4 COLLATE=utf8mb4_general_ci;

INSERT INTO `permissions` (`id`, `name`, `description`, `module`, `created_at`, `updated_at`) VALUES
('1', 'view_dashboard', 'View admin dashboard', 'dashboard', '2025-09-04 23:53:09', '2025-09-04 23:53:09'),
('2', 'view_stats', 'View dashboard statistics', 'dashboard', '2025-09-04 23:53:09', '2025-09-04 23:53:09'),
('3', 'manage_users', 'Create, edit, delete admin users', 'users', '2025-09-04 23:53:09', '2025-09-04 23:53:09'),
('4', 'view_users', 'View list of admin users', 'users', '2025-09-04 23:53:09', '2025-09-04 23:53:09'),
('5', 'assign_roles', 'Assign roles to users', 'users', '2025-09-04 23:53:09', '2025-09-04 23:53:09'),
('6', 'manage_roles', 'Create, edit, delete roles', 'roles', '2025-09-04 23:53:09', '2025-09-04 23:53:09'),
('7', 'view_roles', 'View list of roles', 'roles', '2025-09-04 23:53:09', '2025-09-04 23:53:09'),
('8', 'assign_permissions', 'Assign permissions to roles', 'roles', '2025-09-04 23:53:09', '2025-09-04 23:53:09'),
('9', 'manage_products', 'Create, edit, delete products', 'products', '2025-09-04 23:53:09', '2025-09-04 23:53:09'),
('10', 'view_products', 'View product list', 'products', '2025-09-04 23:53:09', '2025-09-04 23:53:09'),
('11', 'manage_inventory', 'Update product inventory', 'inventory', '2025-09-04 23:53:09', '2025-09-04 23:53:09'),
('12', 'manage_orders', 'Process and manage orders', 'orders', '2025-09-04 23:53:09', '2025-09-04 23:53:09'),
('13', 'view_orders', 'View order list', 'orders', '2025-09-04 23:53:09', '2025-09-04 23:53:09'),
('14', 'update_order_status', 'Update order status', 'orders', '2025-09-04 23:53:09', '2025-09-04 23:53:09'),
('15', 'view_customers', 'View customer list', 'customers', '2025-09-04 23:53:09', '2025-09-04 23:53:09'),
('16', 'manage_customers', 'Edit customer information', 'customers', '2025-09-04 23:53:09', '2025-09-04 23:53:09'),
('17', 'manage_settings', 'Modify system settings', 'settings', '2025-09-04 23:53:09', '2025-09-04 23:53:09'),
('18', 'view_settings', 'View system settings', 'settings', '2025-09-04 23:53:09', '2025-09-04 23:53:09'),
('19', 'add_products', 'Add new products', 'products', '2025-09-05 00:53:45', '2025-09-05 00:53:45'),
('20', 'edit_products', 'Edit existing products', 'products', '2025-09-05 00:53:45', '2025-09-05 00:53:45'),
('21', 'delete_products', 'Delete products', 'products', '2025-09-05 00:53:45', '2025-09-05 00:53:45'),
('22', 'manage_backups', 'Create and manage database backups', 'system', '2025-09-05 03:46:08', '2025-09-05 03:46:08'),
('23', 'view_system_health', 'View system health and monitoring', 'system', '2025-09-05 03:46:08', '2025-09-05 03:46:08'),
('24', 'view_error_logs', 'View and analyze error logs', 'system', '2025-09-05 03:46:08', '2025-09-05 03:46:08'),
('43', 'view_login_monitoring', 'View login monitoring dashboard', 'security', '2025-09-05 04:11:36', '2025-09-05 04:11:36'),
('44', 'manage_security', 'Manage security settings', 'security', '2025-09-05 04:11:36', '2025-09-05 04:11:36'),
('89', 'view_activity_logs', 'View activity logs and audit trail', 'security', '2025-09-05 04:25:37', '2025-09-05 04:25:37'),
('138', 'manage_support_tickets', 'Can manage support tickets, view all tickets, assign tickets, and manage ticket settings', '', '2025-09-05 22:18:48', '2025-09-05 22:18:48'),
('139', 'view_support_tickets', 'Can view support tickets assigned to them', '', '2025-09-05 22:18:48', '2025-09-05 22:18:48'),
('140', 'create_support_tickets', 'Can create new support tickets', '', '2025-09-05 22:18:48', '2025-09-05 22:18:48'),
('171', 'view_feedback', 'View customer feedback', 'feedback', '2025-09-06 00:52:04', '2025-09-06 00:52:04'),
('172', 'manage_feedback', 'Manage and assign feedback', 'feedback', '2025-09-06 00:52:04', '2025-09-06 00:52:04'),
('173', 'create_feedback', 'Create feedback entries', 'feedback', '2025-09-06 00:52:04', '2025-09-06 00:52:04'),
('174', 'respond_feedback', 'Respond to customer feedback', 'feedback', '2025-09-06 00:52:04', '2025-09-06 00:52:04'),
('175', 'delete_feedback', 'Delete feedback entries', 'feedback', '2025-09-06 00:52:04', '2025-09-06 00:52:04');

CREATE TABLE `products` (
  `product_id` int(11) NOT NULL AUTO_INCREMENT,
  `name` varchar(255) NOT NULL,
  `slug` varchar(255) NOT NULL,
  `price` decimal(10,2) NOT NULL,
  `gender` enum('men','women','unisex') NOT NULL,
  `category` enum('shoes','boots','slippers','mules') NOT NULL,
  `type` varchar(50) NOT NULL,
  `description` text DEFAULT NULL,
  `details_care` text NOT NULL,
  `short_description` varchar(255) DEFAULT NULL,
  `colors` varchar(255) DEFAULT NULL,
  `sizes` varchar(255) DEFAULT NULL,
  `main_image` varchar(255) NOT NULL,
  `additional_images` text DEFAULT NULL,
  `features` text DEFAULT NULL,
  `is_featured` tinyint(1) DEFAULT 0,
  `is_new_collection` tinyint(1) DEFAULT 0,
  `created_at` timestamp NOT NULL DEFAULT current_timestamp(),
  `stock_quantity` int(11) DEFAULT 0,
  `low_stock_threshold` int(11) DEFAULT 5,
  `track_inventory` tinyint(1) DEFAULT 1,
  `sku` varchar(50) DEFAULT NULL,
  PRIMARY KEY (`product_id`),
  UNIQUE KEY `slug` (`slug`),
  UNIQUE KEY `sku` (`sku`)
) ENGINE=InnoDB AUTO_INCREMENT=15 DEFAULT CHARSET=utf8mb4 COLLATE=utf8mb4_general_ci;

INSERT INTO `products` (`product_id`, `name`, `slug`, `price`, `gender`, `category`, `type`, `description`, `details_care`, `short_description`, `colors`, `sizes`, `main_image`, `additional_images`, `features`, `is_featured`, `is_new_collection`, `created_at`, `stock_quantity`, `low_stock_threshold`, `track_inventory`, `sku`) VALUES
('1', 'Cram Solid Oxford', 'cram-solid-oxford', '55000.00', 'men', 'shoes', 'oxford', 'The Cram Solid Oxford is a quintessential dress shoe that embodies timeless elegance and superior craftsmanship. Featuring a sleek silhouette with a cap toe design, this Oxford is handcrafted in our workshop in Lagos using traditional techniques that have been perfected over generations. The premium calfskin leather develops a beautiful patina over time, making each pair uniquely yours. The Goodyear welt construction ensures durability and allows for resoling, making this an investment piece that will last for years with proper care.', '<p>Care:</p>\r\n<ul>\r\n<li>Wipe with a clean, dry cloth</li>\r\n<li>Apply quality shoe cream or polish as needed</li>\r\n<li>Use shoe trees between wears (not included)</li>\r\n<li>Allow 24 hours between wears</li>\r\n</ul>', 'Premium handcrafted shoes for elegant occasions. Made in Lagos, Nigeria', 'black,dark brown,tan,brown', '40,41,42,43,44,45', '/images/Cram Solid Oxford.webp', '/images/Cram Solid Oxford-1.webp,/images/Cram Solid Oxford-2.webp,/images/Cram Solid Oxford-3.webp,/images/Cram Solid Oxford-4.webp,/images/Cram Solid Oxford-5.webp,/images/Cram Solid Oxford-6.webp', '[\"Construction: Goodyear welted\\r\",\"Upper: Premium calfskin leather\\r\",\"Lining: Full leather\\r\",\"Sole: Oak-tanned leather\\r\",\"Heel: Stacked leather with rubber top piece\\r\"]', '1', '1', '2025-05-30 00:58:25', '13', '3', '1', 'DRF-0001'),
('2', 'Vintage Croc 600', 'vintage-croc-600', '35000.00', 'men', 'mules', 'mule', 'Vintage Croc 600 Mule\r\nThe Vintage Croc 600 Mule is a refined slip-on shoe designed for the modern gentleman who appreciates timeless style and effortless comfort. Featuring a backless silhouette, this dress mule is handcrafted with care in our artisan workshop using time-honored techniques.\r\n\r\nThe upper is made from high-grade crocskin leather, presented in an eye-catching green and black pattern with subtle white undertones for added depth. Finished with double monk strap detailing and a sleek cap toe, the shoe exudes both contemporary charm and classic appeal.\r\n\r\nBuilt with a Blake construction and a durable black rubber sole, the Vintage Croc 600 Mule offers flexible wearability and long-term resilience. Whether youre dressing for a casual evening out or a polished summer event, this mule makes a bold yet elegant statement.', '<p>Upper: Premium Crocskin leather</p>\r\n<p>Lining: Full leather</p>\r\n<p>Sole: Black-colored rubber</p>\r\n<p>Care:</p>\r\n<ul>\r\n<li>Wipe with a clean, dry cloth after each wear</li>\r\n<li>Apply quality leather cream or polish as needed</li>\r\n<li>Use shoe trees between wears (not included)</li>\r\n<li>Allow 24 hours between wears for best results</li>\r\n</ul>', 'Vintage Croc 600 Mule Step into elegance with the Vintage Croc 600 Mule  a backless, handcrafted luxury shoe made from premium crocskin leather in a bold green and black finish. The Blake construction ensures sleek durability, while the slip-on style del', 'green,black,white,brown', '38,39,40,41,42,43,44,45,46', '/images/Vintage Croc 600.webp', '/images/Vintage Croc 600-1.webp,/images/Vintage Croc 600-2.webp', '[\"Premium handcrafted mule for elegant occasions.\\r\",\"Premium Crocskin upper\\r\",\"Leather lining and insole\\r\",\"Black colored rubber sole\\r\",\"Made in Lagos, Nigeria\"]', '1', '1', '2025-05-30 03:46:40', '36', '3', '1', 'DRF-0002'),
('3', 'black and white oxford', 'black-and-white-oxford', '45000.00', 'men', 'shoes', 'oxford', '', '', 'Premium handcrafted shoes for elegant occasions. Made in Lagos, Nigeria', 'black,blue,tan,brown', '40,41,42,43,44,45', '/images/black and white-1.webp', '/images/black and white.webp', NULL, '1', '1', '2025-06-13 01:43:55', '8', '3', '1', 'DRF-0003'),
('6', 'Urbane Oxford', 'urbane-oxford', '45000.00', 'men', 'shoes', 'oxford', 'Crafted for the discerning gentleman, the DeeReeL Urbane Oxford reimagines traditional footwear by merging the timeless aesthetics of an oxford with the ergonomic comfort of a sneaker. Made from hand-selected full-grain leather, each pair showcases precision brogue detailing and clean stitch lines. The sneaker-style last provides added comfort and flexibility, making this shoe ideal for both formal events and smart-casual outings. Whether youre navigating a boardroom or a weekend brunch, this shoe speaks understated luxury and everyday versatility.', '<p>Lining: Full leather interior for breathability</p>\r\n<p>Sole: Rubber sneaker-style sole</p>\r\n<p>Heel: Low-profile with grip-enhanced base</p>\r\n<p>Care:</p>\r\n<ul>\r\n<li>Wipe clean with a soft, dry cloth after use</li>\r\n<li>Condition with a neutral or matching shoe cream</li>\r\n<li>Store with shoe trees to maintain shape</li>\r\n<li>Avoid water exposure for prolonged leather life</li>\r\n</ul>', 'A refined fusion of classic elegance and modern comfort. The DeeReeL Urbane Oxford features premium full-grain leather and a sneaker-inspired sole, offering the perfect blend of sophistication and ease for todays urban professional.', 'black,dark brown,tan,brown', '40,41,42,43,44,45', '/images/urbane.webp', '/images/urbane-1.webp,/images/urbane-2.webp,/images/urbane-3.webp,/images/urbane-4.webp', '[\"Upper: Premium full-grain calfskin leather\\r\",\"Design: Hand-punched medallion detail at the toe\\r\",\"Lining: Fully leather-lined interior\\r\",\"Insole: Cushioned footbed for all-day support\\r\",\"Outsole: Durable rubber sole with sneaker-style comfort\\r\",\"Construction: Cemented for lightweight flexibility\\r\",\"Fit: True to size with a modern last\"]', '1', '1', '2025-07-28 15:00:54', '10', '3', '1', 'DRF-0006'),
('7', 'Muled Slide', 'muled-slide', '25000.00', 'unisex', 'slippers', 'Slippers', 'The Muled Slide is a refined take on traditional mens and womens slides  bold, stylish, and unmistakably luxurious. Made with soft, premium suede/felt, this handcrafted slip-on is adorned with embroidered crests that speak to confidence and regal charm. Whether you\'re pairing it with native wear or modern casuals, the Muled Slide delivers unmatched presence and comfort. Every step reflects craftsmanship and bold taste.\r\n\r\nPerfect for men and women who walk with purpose  and do so in style.', '<p>Material: Premium Suede upper</p>\r\n<p>Lining: Full leather interior for breathability</p>\r\n<ul>\r\n<li>Avoid exposure to excessive moisture or direct rain</li>\r\n<li>Use a soft suede brush to clean dust and maintain nap</li>\r\n<li>Store in a cool, dry placepreferably inside a shoe bag or box</li>\r\n<li>Do not machine wash</li>\r\n<li>For deep cleaning, use suede cleaner or consult a professional</li>\r\n</ul>', 'Slide into timeless elegance with the Muled Slide  a suede/felt-crafted masterpiece crowned with regal embroidery. Built for comfort, styled for royalty.', 'black,blue,tan,brown,mustard,green', '37,38,39,40,41,42,43,44,45,46', '/images/ms11.webp', '/images/ms5.webp,/images/ms4.webp,/images/ms3.webp,/images/ms2.webp,/images/ms1.webp,/images/ms6.webp,/images/ms7.webp', '[\"Design: Two crest variations \\u2013 crown and medallion\\r\",\"Color Options:\\r\",\"Deep Navy Suede (with black embroidery)\\r\",\"Charcoal Felt Finish (with gold crown embroidery)\\r\",\"Sole: Durable lightweight EVA outsole with padded footbed\\r\",\"Fit: Comfortable open-toe, slip-on design\\r\",\"Sizes: Available from 37 to 46\\r\",\"Use: Suitable for casual, smart-casual, or traditional wear\"]', '1', '1', '2025-07-30 03:21:58', '11', '3', '1', 'DRF-0007'),
('8', 'Muled Slide 600', 'muled-slide-600', '25000.00', 'unisex', 'slippers', 'Slippers', 'The Muled Slide is a refined take on traditional mens and womens slides  bold, stylish, and unmistakably luxurious. Made with soft, premium suede/felt, this handcrafted slip-on is adorned with embroidered crests that speak to confidence and regal charm. Whether you\'re pairing it with native wear or modern casuals, the Muled Slide delivers unmatched presence and comfort. Every step reflects craftsmanship and bold taste.\r\n\r\nPerfect for men and women who walk with purpose  and do so in style.', '<p>Material: Premium Suede upper</p>\r\n<p>Lining: Full leather interior for breathability</p>\r\n<ul>\r\n<li>Avoid exposure to excessive moisture or direct rain</li>\r\n<li>Use a soft suede brush to clean dust and maintain nap</li>\r\n<li>Store in a cool, dry placepreferably inside a shoe bag or box</li>\r\n<li>Do not machine wash</li>\r\n<li>For deep cleaning, use suede cleaner or consult a professional</li>\r\n</ul>', 'Slide into timeless elegance with the Muled Slide  a suede/felt-crafted masterpiece crowned with regal embroidery. Built for comfort, styled for royalty.', 'black,blue,tan,brown,mustard,green', '37,38,39,40,41,42,43,44,45,46', '/images/ms.webp', '/images/ms7.webp,/images/ms1.webp,/images/ms3.webp,/images/ms4.webp,/images/ms5.webp,/images/ms6.webp,/images/ms2.webp', '[\"Design: Two crest variations \\u2013 crown and medallion\\r\",\"Color Options:\\r\",\"Deep Navy Suede (with black embroidery)\\r\",\"Charcoal Felt Finish (with gold crown embroidery)\\r\",\"Sole: Durable lightweight EVA outsole with padded footbed\\r\",\"Fit: Comfortable open-toe, slip-on design\\r\",\"Sizes: Available from 37 to 46\\r\",\"Use: Suitable for casual, smart-casual, or traditional wear\"]', '1', '1', '2025-07-30 03:23:05', '45', '3', '1', 'DRF-0008'),
('9', 'Vera Cross', 'vera-cross', '22000.00', 'women', 'slippers', 'Slippers', 'The Vera Cross is the perfect blend of minimalist design and subtle luxury. Handcrafted with premium black leather and cushioned soles, this cross-slide sandal delivers style without sacrificing comfort. The elegant cross-strap design is accented with a subtle gold-tone buckle detail for a refined finish. Whether you\'re stepping out for errands or elevating your casual outfit, Vera Cross keeps you stylish and steady all day long.', '<ul>\r\n<li>Wipe clean with a soft damp cloth</li>\r\n<li>Avoid soaking in water</li>\r\n<li>Store in a cool, dry place away from direct sunlight</li>\r\n<li>Use leather conditioner occasionally to keep it supple</li>\r\n</li>', 'Step into sleek comfort with the Vera Cross  a handcrafted leather slide designed for everyday elegance.', 'black,dark brown,tan,brown', '37,38,39,40,41,42,43', '/images/vc.webp', '/images/vc1.webp,/images/vc2.webp,/images/vc3.webp,/images/vc4.webp,/images/vc5.webp', '[\"Premium black leather upper\\r\",\"Comfortable padded insole\\r\",\"Cross-strap design for a secure fit\\r\",\"Lightweight and breathable\\r\",\"Gold-tone adjustable buckle\\r\",\"Handcrafted with attention to detail\"]', '1', '1', '2025-07-30 05:22:03', '20', '3', '1', 'DRF-0009'),
('10', 'Oak & Crest', 'oak-crest', '25000.00', 'men', 'slippers', 'Slippers', 'The Oak & Crest is where laid-back luxury meets timeless design. Crafted from premium mustard suede, this mens slide features a broad upper strap embellished with a sleek metallic crest emblem  a bold statement of refined street style. Its plush, cushioned footbed keeps you comfortable all day, while the durable black sole provides steady grip and longevity. Whether you\'re heading out casually or dressing down smartly, Oak & Crest brings confidence to every step.', '<ul>\r\n<li>Gently brush with a suede cleaner after each use</li>\r\n<li>Avoid water contact; store in a cool, dry area</li>\r\n<li>Use suede protectant spray for added resistance</li>\r\n<li>Wipe sole with damp cloth as needed</li>\r\n</ul>', 'Step into style with Oak & Crest  a handcrafted mustard suede slide sandal with signature crest detail and superior comfort.', 'mustard,green,yellow,brown,sage green', '40,41,42,43,44,45,46', '/images/oc.webp', '/images/oc1.webp,/images/oc2.webp,/images/oc3.webp,/images/oc4.webp,/images/oc5.webp', '[\"Premium mustard suede upper\\r\",\"Polished metallic crest emblem\\r\",\"Cushioned insole with cream finish\\r\",\"Durable textured rubber sole\\r\",\"Classic slip-on design\\r\",\"Handmade with care and detail\"]', '1', '1', '2025-07-31 22:11:06', '15', '3', '1', 'DRF-0010'),
('11', 'Oak & Crest 401', 'oak-crest-401', '23000.00', 'men', 'slippers', 'Slippers', 'Introducing the Oak & Crest 401  a true gentlemans slide that combines classic brown leather with a bold, modern silhouette. The upper features premium hand-stitched leather with a polished crest emblem, giving it a noble edge.\n\nSet on a thick, textured sole built for grip and comfort, this slide is perfect for casual outings, relaxed weekends, or even dressing down smart-casual wear. The contoured inner footbed ensures comfort for prolonged wear, while the rich brown tone pairs effortlessly with a variety of outfits.\n\nEach pair is carefully crafted for those who appreciate quality and subtle sophistication.', '<p>To keep your Oak & Crest slides looking sharp:</p>\n<ul>\n<li>Clean Gently: Wipe upper with a soft, damp cloth. Avoid soaking.</li>\n<li>Avoid Harsh Chemicals: Use only leather-safe products if needed.</li>\n<li>Air Dry Only: Let the footwear dry naturally. Never use direct heat.</li>\n<li>Store Properly: Keep in a cool, dry place. Use a shoe bag or box to avoid dust.</li>\n<li>Polish Occasionally: A dab of neutral leather polish can help maintain the leathers shine and suppleness.</li>\n</ul>', 'Bold, timeless, and distinctly masculine  the Oak & Crest 401 is a handcrafted brown leather slide with a rugged black sole and signature metallic crest. Designed for durability and everyday elegance.', 'black,dark brown,tan,brown', '40,41,42,43,44,45', '/images/onc.webp', '/images/onc1.webp,/images/onc2.webp,/images/onc3.webp', '[\"Upper: Full-grain leather\",\"Sole: Thick anti-slip rubber\",\"Color: Deep Brown with Black base\",\"Fit: True to size\",\"Crest Detail: Metallic finish\",\"Use Case: Casual, Lounge, Smart Streetwear\"]', '1', '1', '2025-07-31 22:38:55', '6', '3', '1', 'DRF-0011'),
('12', 'tp1', 'tp1', '55667.00', 'unisex', 'boots', 'boot', '', '<p>Product Details:</p>\n<ul>\n<li>Upper Material: Premium-grade leather.</li>\n<li>Insole: Soft cushioned PU padding.</li>\n<li>Outsole: Durable non-slip rubber sole.</li>\n<li>Color: Rich Tan Brown.</li>\n<li>Lacing: 5-eyelet closed lace-up system.</li>\n<li>Sizes Available: EU 3946.</li>\n<li>Fit: True to size.</li>\n</ul>\n\n<p>Care Instructions:</p>\n<ul>\n<li>Wipe clean with a soft damp cloth after wear.</li>\n<li>Avoid Harsh Chemicals: Use only leather-safe products if needed.</li>\n<li>Air Dry Only: Let the footwear dry naturally. Never use direct heat.</li>\n<li>Store with shoe trees to preserve shape.</li>\n<li>Store Properly: Keep in a cool, dry place. Use a shoe bag or box to avoid dust.</li>\n<li>Polish Occasionally: A dab of neutral leather polish can help maintain the leather\'s shine and suppleness.</li>\n</ul>', '', 'blue,red,orange,green', '40,41,42,43,44,45', '/images/ms11.webp', '/images/ms5.webp,/images/ms4.webp,/images/ms3.webp,/images/ms2.webp,/images/ms1.webp,/images/ms6.webp,/images/ms7.webp', '', '0', '0', '2025-09-05 01:10:44', '7', '5', '1', NULL);

CREATE TABLE `role_permissions` (
  `role_id` int(11) NOT NULL,
  `permission_id` int(11) NOT NULL,
  PRIMARY KEY (`role_id`,`permission_id`),
  KEY `idx_role_permissions_role_id` (`role_id`),
  KEY `idx_role_permissions_permission_id` (`permission_id`),
  KEY `idx_role_permissions_unique` (`role_id`,`permission_id`),
  CONSTRAINT `role_permissions_ibfk_1` FOREIGN KEY (`role_id`) REFERENCES `roles` (`id`) ON DELETE CASCADE,
  CONSTRAINT `role_permissions_ibfk_2` FOREIGN KEY (`permission_id`) REFERENCES `permissions` (`id`) ON DELETE CASCADE
) ENGINE=InnoDB DEFAULT CHARSET=utf8mb4 COLLATE=utf8mb4_general_ci;

INSERT INTO `role_permissions` (`role_id`, `permission_id`) VALUES
('1', '1'),
('1', '2'),
('1', '3'),
('1', '4'),
('1', '5'),
('1', '6'),
('1', '7'),
('1', '8'),
('1', '9'),
('1', '10'),
('1', '11'),
('1', '12'),
('1', '13'),
('1', '14'),
('1', '15'),
('1', '16'),
('1', '17'),
('1', '18'),
('1', '19'),
('1', '20'),
('1', '21'),
('1', '22'),
('1', '23'),
('1', '24'),
('1', '43'),
('1', '44'),
('1', '89'),
('1', '138'),
('1', '139'),
('1', '140'),
('1', '171'),
('1', '172'),
('1', '173'),
('1', '174'),
('1', '175'),
('2', '1'),
('2', '2'),
('2', '3'),
('2', '4'),
('2', '5'),
('2', '7'),
('2', '9'),
('2', '10'),
('2', '11'),
('2', '12'),
('2', '13'),
('2', '14'),
('2', '15'),
('2', '16'),
('2', '18'),
('2', '19'),
('2', '20'),
('2', '139'),
('2', '140'),
('3', '1'),
('3', '2'),
('3', '10'),
('3', '11'),
('3', '12'),
('3', '13'),
('3', '14'),
('3', '15'),
('4', '1'),
('4', '10'),
('4', '13'),
('4', '15');

CREATE TABLE `roles` (
  `id` int(11) NOT NULL AUTO_INCREMENT,
  `name` varchar(50) NOT NULL,
  `description` text DEFAULT NULL,
  `created_at` timestamp NOT NULL DEFAULT current_timestamp(),
  `updated_at` timestamp NOT NULL DEFAULT current_timestamp() ON UPDATE current_timestamp(),
  PRIMARY KEY (`id`),
  UNIQUE KEY `name` (`name`),
  KEY `idx_roles_name` (`name`)
) ENGINE=InnoDB AUTO_INCREMENT=27 DEFAULT CHARSET=utf8mb4 COLLATE=utf8mb4_general_ci;

INSERT INTO `roles` (`id`, `name`, `description`, `created_at`, `updated_at`) VALUES
('1', 'super_admin', 'Super Administrator with full access to all features', '2025-09-04 23:53:09', '2025-09-04 23:53:09'),
('2', 'admin', 'Administrator with access to most features', '2025-09-04 23:53:09', '2025-09-04 23:53:09'),
('3', 'manager', 'Manager with access to inventory and orders', '2025-09-04 23:53:09', '2025-09-04 23:53:09'),
('4', 'staff', 'Staff with limited access to specific features', '2025-09-04 23:53:09', '2025-09-04 23:53:09');

CREATE TABLE `saved_designs` (
  `design_id` int(11) NOT NULL AUTO_INCREMENT,
  `user_id` int(11) NOT NULL,
  `design_name` varchar(255) NOT NULL,
  `design_data` text NOT NULL,
  `created_at` timestamp NOT NULL DEFAULT current_timestamp(),
  `updated_at` timestamp NOT NULL DEFAULT current_timestamp() ON UPDATE current_timestamp(),
  PRIMARY KEY (`design_id`)
) ENGINE=InnoDB AUTO_INCREMENT=3 DEFAULT CHARSET=utf8mb4 COLLATE=utf8mb4_general_ci;

INSERT INTO `saved_designs` (`design_id`, `user_id`, `design_name`, `design_data`, `created_at`, `updated_at`) VALUES
('1', '8', 'fre', '{\"category\":\"mules\",\"type\":\"classic\",\"color\":\"tan\",\"material\":\"suede\",\"size\":\"38\"}', '2025-07-26 19:00:56', '2025-07-26 19:00:56'),
('2', '8', 'jui', '{\"category\":\"slippers\",\"type\":\"sandals\",\"color\":\"brown\",\"material\":\"patent\",\"size\":\"42\"}', '2025-07-26 19:05:02', '2025-07-26 19:05:02');

CREATE TABLE `social_posts` (
  `id` int(11) NOT NULL AUTO_INCREMENT,
  `post_id` varchar(50) DEFAULT NULL,
  `topic` varchar(255) DEFAULT NULL,
  `content` text DEFAULT NULL,
  `slides` int(11) DEFAULT NULL,
  `platform` varchar(20) DEFAULT NULL,
  `scheduled_time` time DEFAULT NULL,
  `status` varchar(20) DEFAULT 'draft',
  `created_at` timestamp NOT NULL DEFAULT current_timestamp(),
  `file_path` varchar(255) DEFAULT NULL,
  PRIMARY KEY (`id`),
  UNIQUE KEY `post_id` (`post_id`)
) ENGINE=InnoDB AUTO_INCREMENT=17 DEFAULT CHARSET=utf8mb4 COLLATE=utf8mb4_general_ci;

INSERT INTO `social_posts` (`id`, `post_id`, `topic`, `content`, `slides`, `platform`, `scheduled_time`, `status`, `created_at`, `file_path`) VALUES
('1', 'post_689f8f6a03f62', 'DIY shoe repair hacks', ' Did you know? Chunky sneakers and platform shoes are dominating 2024 fashion trends\n\n Level up your shoe game with DeeReel Footies!\n\n Visit us for quality footwear!', '5', NULL, NULL, 'draft', '2025-08-15 21:50:02', NULL),
('2', 'post_689f91dcb8b55', 'how to match shoes with outfits', ' Shoe Care 101: The average person walks 7,500 steps daily - invest in quality footwear!\n\n Your shoes deserve the best care!\n\n Find quality footwear at DeeReel Footies', '5', NULL, NULL, 'draft', '2025-08-15 22:00:28', NULL),
('3', 'post_689f972b757f9', 'how to match shoes with outfits', ' Pro Tip: Never put wet shoes near direct heat - it can crack and damage the material\n\n Keep your footwear game strong with DeeReel Footies!\n\n Shop premium footwear at deereelfooties.com', '3', 'tiktok', '06:00:00', 'scheduled', '2025-08-15 22:23:07', NULL),
('4', 'post_689f975734bd2', 'shoe care tips for leather boots', ' Keep them fresh: Clean leather shoes with a damp cloth, then apply conditioner to prevent cracking\n\n Premium shoes need premium care!\n\n Shop DeeReel Footies today!', '3', NULL, NULL, 'draft', '2025-08-15 22:23:51', NULL),
('5', 'post_68a5b8dfcc468', 'Shoe Care Tips', '[{\"type\":\"hook\",\"title\":\"\\ud83d\\udc5f Your Shoes Deserve Better!\",\"subtitle\":\"Pro Tips Inside\"},{\"type\":\"tip\",\"title\":\"Clean with soft brush\",\"subtitle\":\"Use mild soap and gentle circular motions\",\"number\":\"01\"},{\"type\":\"tip\",\"title\":\"Air dry only\",\"subtitle\":\"Never use direct heat or sunlight\",\"number\":\"02\"},{\"type\":\"tip\",\"title\":\"Use shoe trees\",\"subtitle\":\"Maintain shape and absorb moisture\",\"number\":\"03\"},{\"type\":\"cta\",\"title\":\"Shop Premium Footwear\",\"subtitle\":\"deereelfooties.com\"}]', '5', NULL, NULL, 'draft', '2025-08-20 14:00:31', NULL),
('6', 'post_68a5ba884f2b6', 'Shoe Care Tips', '[{\"type\":\"hook\",\"title\":\"\\ud83d\\udc5f Your Shoes Deserve Better!\",\"subtitle\":\"Pro Tips Inside\"},{\"type\":\"tip\",\"title\":\"Clean with soft brush\",\"subtitle\":\"Use mild soap and gentle circular motions\",\"number\":\"01\"},{\"type\":\"tip\",\"title\":\"Air dry only\",\"subtitle\":\"Never use direct heat or sunlight\",\"number\":\"02\"},{\"type\":\"tip\",\"title\":\"Use shoe trees\",\"subtitle\":\"Maintain shape and absorb moisture\",\"number\":\"03\"},{\"type\":\"cta\",\"title\":\"Shop Premium Footwear\",\"subtitle\":\"deereelfooties.com\"}]', '5', NULL, NULL, 'draft', '2025-08-20 14:07:36', NULL),
('7', '20250821_222105', 'DIY shoe repair for common problems', '[\"../uploads/social_posts/20250821_222105/slide_1.png\", \"../uploads/social_posts/20250821_222105/slide_2.png\", \"../uploads/social_posts/20250821_222105/slide_3.png\", \"../uploads/social_posts/20250821_222105/slide_4.png\", \"../uploads/social_posts/20250821_222105/slide_5.png\"]', '5', NULL, NULL, 'pending', '2025-08-21 22:21:06', '../uploads/social_posts/20250821_222105/slide_1.png'),
('8', '20250821_222149', 'Matching shoes with different outfit styles', '[\"../uploads/social_posts/20250821_222149/slide_1.png\", \"../uploads/social_posts/20250821_222149/slide_2.png\", \"../uploads/social_posts/20250821_222149/slide_3.png\", \"../uploads/social_posts/20250821_222149/slide_4.png\", \"../uploads/social_posts/20250821_222149/slide_5.png\"]', '5', NULL, NULL, 'pending', '2025-08-21 22:21:49', '../uploads/social_posts/20250821_222149/slide_1.png'),
('9', 'post_68a78f3b7b80d', 'Shoe Care Tips', '[{\"type\":\"hook\",\"title\":\"\\ud83d\\udc5f Your Shoes Deserve Better!\",\"subtitle\":\"Pro Tips Inside\"},{\"type\":\"tip\",\"title\":\"Clean with soft brush\",\"subtitle\":\"Use mild soap and gentle circular motions\",\"number\":\"01\"},{\"type\":\"tip\",\"title\":\"Air dry only\",\"subtitle\":\"Never use direct heat or sunlight\",\"number\":\"02\"},{\"type\":\"tip\",\"title\":\"Use shoe trees\",\"subtitle\":\"Maintain shape and absorb moisture\",\"number\":\"03\"},{\"type\":\"cta\",\"title\":\"Shop Premium Footwear\",\"subtitle\":\"deereelfooties.com\"}]', '5', NULL, NULL, 'draft', '2025-08-21 23:27:23', NULL),
('10', 'post_68a78f6ec07bf', 'Shoe Care Tips', '[{\"type\":\"hook\",\"title\":\"\\ud83d\\udc5f Your Shoes Deserve Better!\",\"subtitle\":\"Pro Tips Inside\"},{\"type\":\"tip\",\"title\":\"Clean with soft brush\",\"subtitle\":\"Use mild soap and gentle circular motions\",\"number\":\"01\"},{\"type\":\"tip\",\"title\":\"Air dry only\",\"subtitle\":\"Never use direct heat or sunlight\",\"number\":\"02\"},{\"type\":\"tip\",\"title\":\"Use shoe trees\",\"subtitle\":\"Maintain shape and absorb moisture\",\"number\":\"03\"},{\"type\":\"cta\",\"title\":\"Shop Premium Footwear\",\"subtitle\":\"deereelfooties.com\"}]', '5', NULL, NULL, 'draft', '2025-08-21 23:28:14', NULL),
('11', 'post_68a79067ada25', 'Shoe Care Tips', '[{\"type\":\"hook\",\"title\":\"\\ud83d\\udc5f Your Shoes Deserve Better!\",\"subtitle\":\"Pro Tips Inside\"},{\"type\":\"tip\",\"title\":\"Clean with soft brush\",\"subtitle\":\"Use mild soap and gentle circular motions\",\"number\":\"01\"},{\"type\":\"tip\",\"title\":\"Air dry only\",\"subtitle\":\"Never use direct heat or sunlight\",\"number\":\"02\"},{\"type\":\"tip\",\"title\":\"Use shoe trees\",\"subtitle\":\"Maintain shape and absorb moisture\",\"number\":\"03\"},{\"type\":\"cta\",\"title\":\"Shop Premium Footwear\",\"subtitle\":\"deereelfooties.com\"}]', '5', NULL, NULL, 'draft', '2025-08-21 23:32:23', NULL),
('12', 'post_68a790e1d7b82', 'Style Matching', '[{\"type\":\"hook\",\"title\":\"\\ud83d\\udc5f Your Shoes Deserve Better!\",\"subtitle\":\"Pro Tips Inside\"},{\"type\":\"tip\",\"title\":\"Clean with soft brush\",\"subtitle\":\"Use mild soap and gentle circular motions\",\"number\":\"01\"},{\"type\":\"tip\",\"title\":\"Air dry only\",\"subtitle\":\"Never use direct heat or sunlight\",\"number\":\"02\"},{\"type\":\"tip\",\"title\":\"Use shoe trees\",\"subtitle\":\"Maintain shape and absorb moisture\",\"number\":\"03\"},{\"type\":\"cta\",\"title\":\"Shop Premium Footwear\",\"subtitle\":\"deereelfooties.com\"}]', '5', NULL, NULL, 'draft', '2025-08-21 23:34:25', NULL),
('13', '20250821_223536', 'Seasonal footwear care tips', '[\"../uploads/social_posts/20250821_223536/slide_1.png\", \"../uploads/social_posts/20250821_223536/slide_2.png\", \"../uploads/social_posts/20250821_223536/slide_3.png\", \"../uploads/social_posts/20250821_223536/slide_4.png\", \"../uploads/social_posts/20250821_223536/slide_5.png\"]', '5', NULL, NULL, 'pending', '2025-08-21 22:35:36', '../uploads/social_posts/20250821_223536/slide_1.png'),
('14', '20250821_233300', 'DIY shoe repair for common problems', '[\"../uploads/social_posts/20250821_233300/slide_1.png\", \"../uploads/social_posts/20250821_233300/slide_2.png\", \"../uploads/social_posts/20250821_233300/slide_3.png\", \"../uploads/social_posts/20250821_233300/slide_4.png\", \"../uploads/social_posts/20250821_233300/slide_5.png\"]', '5', NULL, NULL, 'pending', '2025-08-21 23:33:01', '../uploads/social_posts/20250821_233300/slide_1.png'),
('15', '20250821_233315', 'Best shoe storage methods to prevent creasing', '[\"../uploads/social_posts/20250821_233315/slide_1.png\", \"../uploads/social_posts/20250821_233315/slide_2.png\", \"../uploads/social_posts/20250821_233315/slide_3.png\", \"../uploads/social_posts/20250821_233315/slide_4.png\", \"../uploads/social_posts/20250821_233315/slide_5.png\"]', '5', NULL, NULL, 'pending', '2025-08-21 23:33:15', '../uploads/social_posts/20250821_233315/slide_1.png'),
('16', '20250821_233334', 'Seasonal footwear care tips', '[\"../uploads/social_posts/20250821_233334/slide_1.png\", \"../uploads/social_posts/20250821_233334/slide_2.png\", \"../uploads/social_posts/20250821_233334/slide_3.png\", \"../uploads/social_posts/20250821_233334/slide_4.png\", \"../uploads/social_posts/20250821_233334/slide_5.png\"]', '5', NULL, NULL, 'pending', '2025-08-21 23:33:34', '../uploads/social_posts/20250821_233334/slide_1.png');

CREATE TABLE `support_tickets` (
  `ticket_id` int(11) NOT NULL AUTO_INCREMENT,
  `ticket_number` varchar(20) NOT NULL,
  `customer_name` varchar(255) NOT NULL,
  `customer_email` varchar(255) NOT NULL,
  `customer_phone` varchar(20) DEFAULT NULL,
  `subject` varchar(255) NOT NULL,
  `description` text NOT NULL,
  `category` enum('general','order','product','shipping','payment','returns','technical','other') DEFAULT 'general',
  `priority` enum('low','medium','high','urgent') DEFAULT 'medium',
  `status` enum('open','in_progress','waiting_customer','resolved','closed') DEFAULT 'open',
  `assigned_to` int(11) DEFAULT NULL,
  `created_by` int(11) DEFAULT NULL,
  `created_at` timestamp NOT NULL DEFAULT current_timestamp(),
  `updated_at` timestamp NOT NULL DEFAULT current_timestamp() ON UPDATE current_timestamp(),
  `resolved_at` timestamp NULL DEFAULT NULL,
  `resolution_notes` text DEFAULT NULL,
  `attachments` longtext CHARACTER SET utf8mb4 COLLATE utf8mb4_bin DEFAULT NULL CHECK (json_valid(`attachments`)),
  `tags` longtext CHARACTER SET utf8mb4 COLLATE utf8mb4_bin DEFAULT NULL CHECK (json_valid(`tags`)),
  `metadata` longtext CHARACTER SET utf8mb4 COLLATE utf8mb4_bin DEFAULT NULL CHECK (json_valid(`metadata`)),
  PRIMARY KEY (`ticket_id`),
  UNIQUE KEY `ticket_number` (`ticket_number`),
  KEY `idx_status` (`status`),
  KEY `idx_category` (`category`),
  KEY `idx_priority` (`priority`),
  KEY `idx_assigned_to` (`assigned_to`),
  KEY `idx_created_by` (`created_by`),
  KEY `idx_created_at` (`created_at`),
  KEY `idx_customer_email` (`customer_email`),
  CONSTRAINT `support_tickets_ibfk_1` FOREIGN KEY (`assigned_to`) REFERENCES `admin_users` (`id`) ON DELETE SET NULL,
  CONSTRAINT `support_tickets_ibfk_2` FOREIGN KEY (`created_by`) REFERENCES `admin_users` (`id`) ON DELETE SET NULL
) ENGINE=InnoDB AUTO_INCREMENT=2 DEFAULT CHARSET=utf8mb4 COLLATE=utf8mb4_general_ci;

INSERT INTO `support_tickets` (`ticket_id`, `ticket_number`, `customer_name`, `customer_email`, `customer_phone`, `subject`, `description`, `category`, `priority`, `status`, `assigned_to`, `created_by`, `created_at`, `updated_at`, `resolved_at`, `resolution_notes`, `attachments`, `tags`, `metadata`) VALUES
('1', 'TICK-2025-53110', 'shigege', 'shigs@gmail.com', '17273747576787', 'bad sole shoe', 'See to this shoe return', 'returns', 'high', 'open', '17', '16', '2025-09-06 00:40:44', '2025-09-06 00:40:44', NULL, NULL, NULL, NULL, NULL);

CREATE TABLE `ticket_categories` (
  `category_id` int(11) NOT NULL AUTO_INCREMENT,
  `name` varchar(100) NOT NULL,
  `description` text DEFAULT NULL,
  `color` varchar(7) DEFAULT '#007bff',
  `is_active` tinyint(1) DEFAULT 1,
  `created_at` timestamp NOT NULL DEFAULT current_timestamp(),
  `updated_at` timestamp NOT NULL DEFAULT current_timestamp() ON UPDATE current_timestamp(),
  PRIMARY KEY (`category_id`),
  UNIQUE KEY `unique_category_name` (`name`)
) ENGINE=InnoDB AUTO_INCREMENT=9 DEFAULT CHARSET=utf8mb4 COLLATE=utf8mb4_general_ci;

INSERT INTO `ticket_categories` (`category_id`, `name`, `description`, `color`, `is_active`, `created_at`, `updated_at`) VALUES
('1', 'General Inquiry', 'General customer questions and inquiries', '#007bff', '1', '2025-09-06 00:25:24', '2025-09-06 00:25:24'),
('2', 'Order Issues', 'Problems with orders, tracking, or delivery', '#28a745', '1', '2025-09-06 00:25:24', '2025-09-06 00:25:24'),
('3', 'Product Questions', 'Questions about products, specifications, or usage', '#17a2b8', '1', '2025-09-06 00:25:24', '2025-09-06 00:25:24'),
('4', 'Shipping & Delivery', 'Shipping questions, delays, or delivery issues', '#ffc107', '1', '2025-09-06 00:25:24', '2025-09-06 00:25:24'),
('5', 'Payment Problems', 'Payment processing, refunds, or billing issues', '#dc3545', '1', '2025-09-06 00:25:24', '2025-09-06 00:25:24'),
('6', 'Returns & Exchanges', 'Return requests, exchange processes, or refund status', '#6f42c1', '1', '2025-09-06 00:25:24', '2025-09-06 00:25:24'),
('7', 'Technical Support', 'Website issues, login problems, or technical difficulties', '#fd7e14', '1', '2025-09-06 00:25:24', '2025-09-06 00:25:24'),
('8', 'Other', 'Other types of customer support requests', '#6c757d', '1', '2025-09-06 00:25:24', '2025-09-06 00:25:24');

CREATE TABLE `ticket_replies` (
  `reply_id` int(11) NOT NULL AUTO_INCREMENT,
  `ticket_id` int(11) NOT NULL,
  `reply_text` text NOT NULL,
  `replied_by` int(11) NOT NULL,
  `replied_by_type` enum('admin','customer') DEFAULT 'admin',
  `is_internal` tinyint(1) DEFAULT 0,
  `attachments` longtext CHARACTER SET utf8mb4 COLLATE utf8mb4_bin DEFAULT NULL CHECK (json_valid(`attachments`)),
  `created_at` timestamp NOT NULL DEFAULT current_timestamp(),
  PRIMARY KEY (`reply_id`),
  KEY `idx_ticket_id` (`ticket_id`),
  KEY `idx_replied_by` (`replied_by`),
  KEY `idx_created_at` (`created_at`),
  CONSTRAINT `ticket_replies_ibfk_1` FOREIGN KEY (`ticket_id`) REFERENCES `support_tickets` (`ticket_id`) ON DELETE CASCADE,
  CONSTRAINT `ticket_replies_ibfk_2` FOREIGN KEY (`replied_by`) REFERENCES `admin_users` (`id`) ON DELETE CASCADE
) ENGINE=InnoDB DEFAULT CHARSET=utf8mb4 COLLATE=utf8mb4_general_ci;

;

INSERT INTO `ticket_statistics` (`total_tickets`, `open_tickets`, `in_progress_tickets`, `resolved_tickets`, `closed_tickets`, `urgent_tickets`, `high_priority_tickets`, `avg_resolution_hours`, `active_days`) VALUES
('1', '1', '0', '0', '0', '0', '1', NULL, '1');

CREATE TABLE `ticket_templates` (
  `template_id` int(11) NOT NULL AUTO_INCREMENT,
  `name` varchar(255) NOT NULL,
  `subject` varchar(255) NOT NULL,
  `message` text NOT NULL,
  `category` varchar(50) DEFAULT NULL,
  `priority` enum('low','medium','high','urgent') DEFAULT 'medium',
  `is_active` tinyint(1) DEFAULT 1,
  `created_by` int(11) DEFAULT NULL,
  `created_at` timestamp NOT NULL DEFAULT current_timestamp(),
  `updated_at` timestamp NOT NULL DEFAULT current_timestamp() ON UPDATE current_timestamp(),
  PRIMARY KEY (`template_id`),
  KEY `idx_category` (`category`),
  KEY `idx_created_by` (`created_by`),
  CONSTRAINT `ticket_templates_ibfk_1` FOREIGN KEY (`created_by`) REFERENCES `admin_users` (`id`) ON DELETE SET NULL
) ENGINE=InnoDB AUTO_INCREMENT=4 DEFAULT CHARSET=utf8mb4 COLLATE=utf8mb4_general_ci;

INSERT INTO `ticket_templates` (`template_id`, `name`, `subject`, `message`, `category`, `priority`, `is_active`, `created_by`, `created_at`, `updated_at`) VALUES
('1', 'Order Delay Response', 'Update on Your Order Delay', 'Dear {customer_name},\n\nWe apologize for the delay in processing your order #{order_id}. Our team is working diligently to resolve this issue.\n\nCurrent Status: {order_status}\nExpected Resolution: {resolution_date}\n\nWe appreciate your patience and understanding.\n\nBest regards,\nDRF Support Team', 'order', 'medium', '1', NULL, '2025-09-06 00:25:25', '2025-09-06 00:25:25'),
('2', 'Refund Processing', 'Refund Processed for Your Order', 'Dear {customer_name},\n\nYour refund for order #{order_id} has been processed successfully.\n\nRefund Amount: {refund_amount}\nProcessing Time: 3-5 business days\n\nThe refund will appear in your original payment method.\n\nThank you for your patience.\n\nBest regards,\nDRF Support Team', 'payment', 'medium', '1', NULL, '2025-09-06 00:25:25', '2025-09-06 00:25:25'),
('3', 'Return Request Confirmation', 'Return Request Confirmation', 'Dear {customer_name},\n\nYour return request for order #{order_id} has been received and is being processed.\n\nReturn Items: {return_items}\nReturn Reason: {return_reason}\nRefund Method: {refund_method}\n\nProcessing Time: 5-7 business days\n\nWe will send you a return shipping label shortly.\n\nBest regards,\nDRF Support Team', 'returns', 'medium', '1', NULL, '2025-09-06 00:25:25', '2025-09-06 00:25:25');

CREATE TABLE `user_addresses` (
  `address_id` int(11) NOT NULL AUTO_INCREMENT,
  `user_id` int(11) NOT NULL,
  `address_name` varchar(100) NOT NULL DEFAULT 'Home',
  `full_name` varchar(255) NOT NULL,
  `phone` varchar(20) NOT NULL,
  `street_address` text NOT NULL,
  `city` varchar(100) NOT NULL,
  `state` varchar(100) NOT NULL,
  `country` varchar(100) NOT NULL DEFAULT 'Nigeria',
  `is_default` tinyint(1) DEFAULT 0,
  `created_at` timestamp NOT NULL DEFAULT current_timestamp(),
  `updated_at` timestamp NOT NULL DEFAULT current_timestamp() ON UPDATE current_timestamp(),
  PRIMARY KEY (`address_id`),
  KEY `idx_user_id` (`user_id`),
  KEY `idx_default` (`user_id`,`is_default`)
) ENGINE=InnoDB AUTO_INCREMENT=13 DEFAULT CHARSET=utf8mb4 COLLATE=utf8mb4_general_ci;

INSERT INTO `user_addresses` (`address_id`, `user_id`, `address_name`, `full_name`, `phone`, `street_address`, `city`, `state`, `country`, `is_default`, `created_at`, `updated_at`) VALUES
('1', '8', 'Other', 'bisi kodaolu', '939495969798999192', 'jungle road, ogba', 'ogba', 'Lagos', 'Nigeria', '0', '2025-06-29 15:54:43', '2025-06-29 16:14:54'),
('2', '8', 'gym', 'Oladayo Quadri', '08134235110', '11, Taiwo Olumoko Street, Owutu', 'Ikorodu', 'Limpopo', 'South Africa', '1', '2025-06-29 16:14:54', '2025-06-29 16:14:54'),
('3', '8', 'abroad', 'kodaolu temmy', '08138425791', '2 oluwa street, off okey ayo street', 'ishaga', 'Maine', 'United States', '0', '2025-06-29 16:15:33', '2025-06-29 16:15:33'),
('7', '8', 'school', 'ola', '87654', 'jumgle', 'ogba', 'Lagos', 'Nigeria', '0', '2025-07-06 05:52:43', '2025-07-06 05:52:43'),
('8', '8', 'shop', 'temmy', '67676554', '2 abolabi', 'obawole', 'Lagos', 'Nigeria', '0', '2025-07-06 06:08:17', '2025-07-06 06:08:17'),
('10', '8', 'Church', 'Oderinde john', '009009005005', '2 oluwa street, off okey ayo street', 'ishaga', 'Lagos', 'Nigeria', '0', '2025-07-15 08:51:23', '2025-07-15 08:51:23'),
('11', '8', 'store', 'Wale Ade', '98988765543344', '22 oluwa street, off oke ayo street', 'ishaga', 'Lagos', 'Nigeria', '0', '2025-07-15 08:52:39', '2025-07-15 08:52:39'),
('12', '10', 'village', 'shigege', '0987654321000', '25 okeagbon', 'imosan', 'ogun', 'Nigeria', '0', '2025-07-23 03:24:17', '2025-07-23 03:24:17');

CREATE TABLE `users` (
  `user_id` int(11) NOT NULL AUTO_INCREMENT,
  `role_id` int(11) DEFAULT 2,
  `name` varchar(100) NOT NULL,
  `email` varchar(100) NOT NULL,
  `password` varchar(255) NOT NULL,
  `gender` varchar(10) NOT NULL,
  `created_at` timestamp NOT NULL DEFAULT current_timestamp(),
  `phone` varchar(20) DEFAULT NULL,
  PRIMARY KEY (`user_id`),
  UNIQUE KEY `email` (`email`),
  UNIQUE KEY `email_2` (`email`),
  UNIQUE KEY `phone` (`phone`),
  KEY `email_3` (`email`),
  KEY `email_4` (`email`),
  KEY `idx_users_role_id` (`role_id`),
  CONSTRAINT `fk_users_role_id` FOREIGN KEY (`role_id`) REFERENCES `roles` (`id`) ON DELETE SET NULL
) ENGINE=InnoDB AUTO_INCREMENT=11 DEFAULT CHARSET=utf8mb4 COLLATE=utf8mb4_general_ci;

INSERT INTO `users` (`user_id`, `role_id`, `name`, `email`, `password`, `gender`, `created_at`, `phone`) VALUES
('7', '2', 'Oladayo Quadri', 'biodunoladayo@gmail.com', '$2y$10$XG2NMPZ.KoNIfnhm0uClV.upGiTaaeUKeNHO4hpl53h3YnmlovaAC', '', '2025-05-23 04:08:00', NULL),
('8', '2', 'Temitope Kodaolu', 'kodaolutemitope2310@gmail.com', '$2y$10$gn.xMcJCsC5kP94CyrRmu.e.fOzELphqB/bIiH.Hr0C8tBdlh.tri', '', '2025-05-27 04:43:04', '08138425791'),
('9', '2', 'Aby', 'deereelfooties@gmail.com', '$2y$10$uVFU9nHU/xgk1ujD0fH4HeDckErHMWxGeMd2rBvpSUgNGtM/SJPre', '', '2025-05-29 04:06:29', '123456789'),
('10', '2', 'Mofe', 'deereelinabbey@gmail.com', '$2y$10$ziGp6z08IPMcIG2Ytp.UiueUl477aRD4msCoM2Ks16o/TQ4uCr2LW', 'male', '2025-05-29 23:46:47', '152535456575859505');

CREATE TABLE `wishlist_items` (
  `wishlist_id` int(11) NOT NULL AUTO_INCREMENT,
  `user_id` int(11) NOT NULL,
  `product_id` varchar(255) NOT NULL,
  `product_name` varchar(255) NOT NULL,
  `price` decimal(10,2) NOT NULL,
  `image` varchar(255) DEFAULT NULL,
  `created_at` timestamp NOT NULL DEFAULT current_timestamp(),
  PRIMARY KEY (`wishlist_id`),
  KEY `user_id` (`user_id`)
) ENGINE=InnoDB AUTO_INCREMENT=17 DEFAULT CHARSET=utf8mb4 COLLATE=utf8mb4_general_ci;

INSERT INTO `wishlist_items` (`wishlist_id`, `user_id`, `product_id`, `product_name`, `price`, `image`, `created_at`) VALUES
('2', '10', '2', 'Vintage Croc 600', '35000.00', '/images/Vintage Croc 600.webp', '2025-06-02 04:30:38'),
('3', '10', '1', 'Cram Solid Oxford', '55000.00', '/images/Cram Solid Oxford.webp', '2025-06-02 04:30:43'),
('4', '8', '1', 'Cram Solid Oxford', '55000.00', '/images/Cram Solid Oxford.webp', '2025-06-02 04:42:28'),
('9', '8', '3', 'black and white oxford', '45000.00', '/images/black and white.png', '2025-07-23 01:25:57'),
('14', '8', '2', 'Vintage Croc 600', '0.00', 'http://localhost/images/Vintage%20Croc%20600.webp', '2025-07-23 01:45:03');

SET FOREIGN_KEY_CHECKS = 1;
